target,collocate,exp_local,obs_local,ratio_local,obs_global,p_value,log_likelihood,log_dice,adjusted_p_value
倭,王京,0.03333260491102322,9,270.00590034965035,26,0.0,86.83503926401279,10.511713518690517,0.0
倭,釜山,0.030768558379406046,8,260.0056818181818,24,0.0,76.40436936475574,10.356143810225275,0.0
倭,朝鲜,0.30383951399663467,12,39.4945339470656,237,0.0,66.22078691135994,9.89496452930171,0.0
倭,柘林,0.024358442050363117,5,205.26764354066987,19,2.2707036251290447e-10,44.87059043652755,9.714597781137751,5.8720395745837096e-08
倭,海上,0.07948544248013228,6,75.48552052785924,62,6.683575914934181e-10,40.83308851967013,9.690144737413213,1.440310609668316e-07
倭,南沙,0.006410116329042926,4,624.0136363636364,5,1.3038645581914296e-11,48.36449855337004,9.500154112916794,4.2147421843537966e-09
倭,入寇,0.1640989780234989,6,36.56329900568182,128,1.8955350289395767e-08,31.983422845915783,9.33703498727757,3.501323989169818e-06
倭,戚继光,0.04358879103749189,4,91.76671122994654,34,1.1734401794694094e-07,28.8109282098004,9.285754482333878,1.3793255927763148e-05
倭,击,0.2961473744017832,7,23.636880165289256,231,2.5228504063612434e-08,31.327752281851705,9.138469937791356,4.07755696928136e-06
倭,新,0.3025574907308261,7,23.136098805855163,236,2.8792125128518364e-08,31.035707887908245,9.120854394874385,4.136468643463805e-06
倭,王子,0.08845960534079238,4,45.21837944664032,69,2.1142233287418932e-06,22.983038422803986,9.06336206099743,0.0001438784612664878
倭,秀吉,0.015384279189703023,3,195.00426136363635,12,4.5189764386055487e-07,26.533913635133057,9.030373649043518,4.4946434885515186e-05
倭,沈惟敬,0.021794395518745947,3,137.6500668449198,17,1.3901987265807492e-06,24.19859335492157,8.992505463453075,0.00011739412889557844
倭,已入,0.02948653511359746,3,101.74135375494072,23,3.599918356411713e-06,22.24593262254589,8.948337880177508,0.00022165211594477835
倭,舟山,0.02948653511359746,3,101.74135375494072,23,3.599918356411713e-06,22.24593262254589,8.948337880177508,0.00022165211594477835
倭,攻陷,0.04615283756910907,3,65.00142045454545,36,1.4335553068733908e-05,19.43830324929884,8.857042046157957,0.0006919359553276827
倭,败,0.482040747944028,7,14.521593931334623,376,6.764360174216222e-07,24.782202478253563,8.698830465279435,6.247369789472554e-05
倭,围,0.28204511847788877,5,17.727660123966942,220,1.0738676961885574e-05,19.545379179053008,8.692571474807753,0.0005554043724687219
倭,逼,0.2999934441992089,5,16.667030885780886,234,1.4448778649533978e-05,18.95649955643121,8.642447995381916,0.0006919359553276827
倭,官军,0.7217790986502335,9,12.46918900371387,563,6.071334868185119e-08,29.382509955045602,8.640494447296161,7.850235984563358e-06
倭,浙,0.09358769840402671,3,32.055495018679956,73,0.00012059549648157919,15.15777175359792,8.624960568653076,0.0037126184988257593
倭,遁,0.4256317242484503,6,14.096693592552025,332,5.126450794534776e-06,20.87590459805074,8.59627781394899,0.0002881956903188463
倭,松,0.21922597845326808,4,18.246012759170654,171,7.596536767351392e-05,15.836360959862377,8.56120814742174,0.0026546816324825267
倭,汪直,0.11538209392277267,3,26.00056818181818,90,0.00022417286891041055,13.920686563588184,8.529680065219967,0.005676904391478231
倭,新场,0.0025640465316171704,2,780.0170454545455,2,1.6342570147876349e-06,26.660047806737662,8.524266569033603,0.00011739412889557844
倭,生浦,0.0025640465316171704,2,780.0170454545455,2,1.6342570147876349e-06,26.660047806737662,8.524266569033603,0.00011739412889557844
倭,移西,0.0025640465316171704,2,780.0170454545455,2,1.6342570147876349e-06,26.660047806737662,8.524266569033603,0.00011739412889557844
倭,叶丹楼,0.0038460697974257558,2,520.0113636363636,3,4.898628289373376e-06,22.843499360631522,8.516184222735744,0.000287905744461808
倭,李亚元,0.005128093063234341,2,390.00852272727275,4,9.788978903676821e-06,21.11994350804595,8.508146903670326,0.0005273812384355887
倭,岛主,0.006410116329042926,2,312.0068181818182,5,1.630151900233745e-05,19.937540883082367,8.500154112916794,0.0007527808596436544
倭,蒋洲,0.0076921395948515115,2,260.0056818181818,6,2.4431361518306716e-05,19.032024152751028,8.492205359801304,0.0010893017394196752
倭,大江南北,0.008974162860660096,2,222.862012987013,7,3.417525679938471e-05,18.29695656973556,8.484300161715957,0.0014254389368259495
倭,川沙,0.008974162860660096,2,222.862012987013,7,3.417525679938471e-05,18.29695656973556,8.484300161715957,0.0014254389368259495
倭,政和,0.010256186126468681,2,195.00426136363637,8,4.552839255722585e-05,17.677905152135263,8.476438043942988,0.001839631611765407
倭,洼,0.011538209392277267,2,173.33712121212122,9,5.848645072326075e-05,17.143092557573187,8.468618539483689,0.0022279266650117396
倭,河源,0.012820232658085852,2,156.0034090909091,10,7.30460373863373e-05,16.672292362951595,8.460841188891969,0.002623570176125948
倭,程乡,0.012820232658085852,2,156.0034090909091,10,7.30460373863373e-05,16.672292362951595,8.460841188891969,0.002623570176125948
倭,登岸,0.014102255923894438,2,141.82128099173553,11,8.920376501198035e-05,16.25181265801728,8.453105540112364,0.0028835117040122648
倭,蔚山,0.014102255923894438,2,141.82128099173553,11,8.920376501198035e-05,16.25181265801728,8.453105540112364,0.0028835117040122648
倭,釜,0.015384279189703023,2,130.0028409090909,12,0.00010695347859879245,15.871945262543708,8.445411148322362,0.0033729475080058204
倭,洋,0.017948325721320192,2,111.4310064935065,14,0.00014721722833099804,15.207230878889073,8.430144391669053,0.004426787819348383
倭,海丰,0.01923034898712878,2,104.00227272727273,15,0.00016972292975514502,14.912790559724359,8.42257117196425,0.004987539731213694
倭,扬帆,0.021794395518745947,2,91.76671122994654,17,0.00021946061752009527,14.382939260484536,8.40754296273192,0.005676904391478231
倭,焚其舟,0.021794395518745947,2,91.76671122994654,17,0.00021946061752009527,14.382939260484536,8.40754296273192,0.005676904391478231
倭,晋州,0.023076418784554534,2,86.66856060606061,18,0.0002466847716448006,14.142679593756055,8.400087157812873,0.005676904391478231
倭,乡民,0.024358442050363117,2,82.10705741626795,19,0.0002754740118310339,13.916333115486418,8.39266968625039,0.005676904391478231
倭,退守,0.025640465316171705,2,78.00170454545454,20,0.0003058240758886388,13.702389845975663,8.385290155884793,0.005676904391478231
倭,鸳鸯,0.02948653511359746,2,67.82756916996047,23,0.0004061993097678185,13.123116700568584,8.36337537945635,0.005676904391478231
倭,福清,0.030768558379406046,2,65.00142045454545,24,0.0004427525247593378,12.94772929195369,8.356143810225277,0.005676904391478231
倭,中伏,0.032050581645214626,2,62.40136363636364,25,0.00048084686089988615,12.779924860729384,8.348948308821072,0.005676904391478231
倭,关白,0.03333260491102322,2,60.00131118881119,26,0.0005204783633083743,12.619083039917331,8.341788517248204,0.005676904391478231
倭,流劫,0.03333260491102322,2,60.00131118881119,26,0.0005204783633083743,12.619083039917331,8.341788517248204,0.005676904391478231
倭,清正,0.03333260491102322,2,60.00131118881119,26,0.0005204783633083743,12.619083039917331,8.341788517248204,0.005676904391478231
倭,突入,0.03333260491102322,2,60.00131118881119,26,0.0005204783633083743,12.619083039917331,8.341788517248204,0.005676904391478231
倭,最,0.293583327870166,4,13.624751885668916,229,0.0002327012862565203,13.621505547664349,8.338221902228014,0.005676904391478231
倭,倭犯,0.0346146281768318,2,57.7790404040404,27,0.0005616428277378516,12.46465664699177,8.334664082814824,0.005676904391478231
倭,汉江,0.0346146281768318,2,57.7790404040404,27,0.0005616428277378516,12.46465664699177,8.334664082814824,0.005676904391478231
倭,潮州,0.035896651442640384,2,55.71550324675325,28,0.0006043365338187501,12.316160601091866,8.327574658028505,0.005676904391478231
倭,应昌,0.03717867470844897,2,53.79427899686521,29,0.0006485548618183623,12.173162863264452,8.320519900494553,0.005676904391478231
倭,寿宁,0.03846069797425756,2,52.00113636363636,30,0.0006942947834487345,12.035276971278554,8.313499472816781,0.005676904391478231
倭,勾,0.03974272124006614,2,50.323680351906155,31,0.0007415523708115268,11.902155843835498,8.306513042500676,0.005676904391478231
倭,胡宗宪,0.041024744505874726,2,48.75106534090909,32,0.0007903225512841949,11.773486603180189,8.29956028185891,0.005676904391478231
倭,乘势,0.04230676777168331,2,47.27376033057851,33,0.0008406018996126585,11.648986222352587,8.292640867919118,0.005676904391478231
倭,先登,0.04230676777168331,2,47.27376033057851,33,0.0008406018996126585,11.648986222352587,8.292640867919118,0.005676904391478231
倭,岛,0.04230676777168331,2,47.27376033057851,33,0.0008406018996126585,11.648986222352587,8.292640867919118,0.005676904391478231
倭,本国,0.04230676777168331,2,47.27376033057851,33,0.0008406018996126585,11.648986222352587,8.292640867919118,0.005676904391478231
倭,艘,0.04358879103749189,2,45.88335561497327,34,0.0008923873757779033,11.528397843328037,8.285754482333878,0.005676904391478231
倭,𫓧,0.04743486083491765,2,42.16308353808354,37,0.001056737233393834,11.18786602843795,8.26529037977416,0.005676904391478231
倭,行长,0.048716884100726235,2,41.053528708133975,38,0.0011145059238670818,11.080779900398097,8.258533013598854,0.005676904391478231
倭,连破,0.048716884100726235,2,41.053528708133975,38,0.0011145059238670818,11.080779900398097,8.258533013598854,0.005676904391478231
倭,江北,0.19743158293452212,3,15.195137249114522,154,0.0010725630740239245,10.817070964129279,8.21864028647534,0.005676904391478231
倭,保靖,0.057691046961386334,2,34.66742424242424,45,0.0015602798072540391,10.405311335647792,8.212097440608568,0.006792733302287787
倭,来者,0.057691046961386334,2,34.66742424242424,45,0.0015602798072540391,10.405311335647792,8.212097440608568,0.006792733302287787
倭,陪臣,0.057691046961386334,2,34.66742424242424,45,0.0015602798072540391,10.405311335647792,8.212097440608568,0.006792733302287787
倭,泥,0.05897307022719492,2,33.913784584980235,46,0.0016298293778330697,10.317942132082841,8.205584133649893,0.007071709347443487
倭,索,0.06410116329042925,2,31.20068181818182,50,0.0019225432942617804,9.98740894936099,8.179821037584812,0.008258632822194292
倭,端,0.06538318655623784,2,30.58890374331551,51,0.0019993317205601047,9.909124573413933,8.173451512709086,0.008539172861914822
倭,畏,0.06666520982204643,2,30.000655594405593,52,0.0020775561036316947,9.83244117674968,8.167109985835257,0.008539172861914822
倭,破,0.6576779353598042,6,9.123006379585327,513,5.858430518979052e-05,16.065506308908226,8.156602328016865,0.0022279266650117396
倭,倭寇,0.07051127961947219,2,28.364256198347103,55,0.00232081261767636,9.611392348240027,8.148250958583944,0.008539172861914822
倭,苏,0.22050800171907664,3,13.604948467230445,172,0.0014723718612533743,10.193076156350703,8.142019004872427,0.006475431348981677
倭,大猷,0.07435734941689794,2,26.897139498432605,58,0.0025768614815638857,9.40271271360511,8.129635280416595,0.008565249089105666
倭,乃令,0.07563937268270653,2,26.441255778120183,59,0.0026650366233892386,9.335676326373461,8.123483053435,0.008835621420621245
倭,剽掠,0.07948544248013228,2,25.161840175953078,62,0.0029379865694553198,9.14154680455868,8.105182236692055,0.009715643565999306
倭,大掠,0.08333151227755804,2,24.000524475524475,65,0.003223494921944181,8.957106598398063,8.087110663770037,0.010605544361511008
倭,夹击,0.08461353554336662,2,23.636880165289256,66,0.0033214377596469946,8.897622611063749,8.081136762725405,0.010900048282293311
倭,把总,0.08589555880917521,2,23.28409090909091,67,0.0034207619962784985,8.839085724042873,8.07518749639422,0.011197582939716707
倭,詈,0.08974162860660097,2,22.286201298701297,70,0.003726980875931929,8.668879006566867,8.05748549466076,0.011523507817935319
倭,直抵,0.09230567513821814,2,21.667140151515152,72,0.003937963543891865,8.559653399712431,8.045803689613125,0.01178654366262079
倭,乘胜,0.10512590779630399,2,19.02480598669623,82,0.005073832203657314,8.057925065961633,7.988772744576746,0.014293641641700291
倭,先是,0.4397339801723447,4,9.096408693347469,343,0.0010551577033987014,10.652422538788905,7.980409271642119,0.005676904391478231
倭,二十余,0.11025400085953832,2,18.139931289640593,86,0.0055654233206507975,7.875259605179991,7.96657699846255,0.01547546742709996
倭,大举,0.11025400085953832,2,18.139931289640593,86,0.0055654233206507975,7.875259605179991,7.96657699846255,0.01547546742709996
倭,九江,0.11153602412534691,2,17.9314263322884,87,0.005691601907588439,7.831011430270685,7.961081010707698,0.01575854660923309
倭,官兵,0.11153602412534691,2,17.9314263322884,87,0.005691601907588439,7.831011430270685,7.961081010707698,0.01575854660923309
倭,没,0.28204511847788877,3,10.636596074380165,220,0.0029571821795846276,8.82596742995224,7.955605880641547,0.009754174893374806
倭,追至,0.11410007065696408,2,17.52847293156282,89,0.005947871488181655,7.7441255972839365,7.950151450549439,0.016432901355168547
倭,数百,0.11666411718858125,2,17.143231768231768,91,0.006209334509157394,7.659306754891748,7.939304068312446,0.016501350638305472
倭,走,1.010234333457165,7,6.929085429164744,788,7.954424092349033e-05,15.374030848285962,7.894465585827643,0.002706597460896658
倭,松江,0.1282023265808585,2,15.60034090909091,100,0.007449434709901115,7.3008963092737105,7.891475543221831,0.018600926662443538
倭,掠,0.49742502713373105,4,8.041412839737582,388,0.0016558543032669792,9.773905190906973,7.860448647601206,0.007160600716134461
倭,撤,0.13589446617571002,2,14.717302744425387,106,0.008333031091541376,7.080757296056529,7.860448647601206,0.020177170789069287
倭,渡,0.1371764894415186,2,14.579757858963466,107,0.008484655308157785,7.045379672637626,7.855341757168118,0.020505905258781338
倭,寇,0.5102452597918169,4,7.839367291000457,398,0.0018159577400957971,9.594434138467369,7.8350930733243125,0.007826777859812886
倭,中国,0.330762002578615,3,9.069965644820297,258,0.004612743167883404,7.95989919716399,7.8234112682766765,0.013742573539339265
倭,内地,0.15384279189703023,2,13.00028409090909,120,0.010567051770553837,6.615631849390317,7.79054663437105,0.0240549259495178
倭,千余,0.1564068384286474,2,12.787164679582713,122,0.010905495752663752,6.554039608937673,7.780831479537839,0.02478173287907598
倭,却,0.541013818171223,4,7.393526497199483,422,0.00224339472095747,9.184062983383988,7.775998325801895,0.008539172861914822
倭,闽,0.1640989780234989,2,12.187766335227273,128,0.011949191756096877,6.3756822280088,7.752072486556415,0.026186957526497055
倭,安庆,0.1653810012893075,2,12.09328752642706,129,0.01212724361370654,6.346847770252184,7.747334567549752,0.026532192880748824
倭,往往,0.16794504782092465,2,11.908657182512146,131,0.012486833588656543,6.28990762808934,7.7379051546298205,0.026931033036316623
倭,大破,0.17948325721320194,2,11.143100649350648,140,0.014161884255027068,6.044995979941984,7.696219251822897,0.029439415340434084
倭,三千,0.3884530495400013,3,7.72294104410441,303,0.007178048230768952,7.1037610179689965,7.681080654984976,0.018488478809530386
倭,力,0.19614955966871353,2,10.196301247771837,153,0.016742122688805705,5.72037395449129,7.638056226264759,0.033049717002482104
倭,福建,0.6256273537145896,4,6.393582339791356,488,0.003766372499911297,8.182459360606334,7.6249605686530755,0.011523507817935319
倭,𬘩,0.1999956294661393,2,10.000218531468532,156,0.01736390756010553,5.649812595300022,7.6249605686530755,0.034172804376280744
倭,恐,0.20384169926356505,2,9.811535162950257,159,0.017995395437509054,5.580750185175563,7.611982714654865,0.03488462713748007
倭,游击,0.4192216079194074,3,7.156119683069224,327,0.008830108575419326,6.704868449958868,7.610547910915629,0.02101693084373296
倭,二万,0.20512372252937364,2,9.750213068181818,160,0.018208032863584522,5.558052643268255,7.607682577221239,0.03524399175541136
倭,参政,0.6410116329042926,4,6.240136363636363,500,0.004103216460988768,8.017523514643132,7.599120563717816,0.012252791880042671
倭,先后,0.4333238638433018,3,6.923228214093599,338,0.009655497383130984,6.533261590878064,7.579337951527278,0.022658000211231148
倭,两广,0.21409788539003372,2,9.341521502449647,167,0.019726170241257335,5.403492928752861,7.577935233827188,0.03767494552724628
倭,使臣,0.2166619319216509,2,9.230970952124798,169,0.02016936993950047,5.36066684652051,7.569547448334468,0.03785363072594927
倭,时,3.5563325393530154,17,4.780205397522448,2774,1.3536668153069087e-07,27.4482063475009,7.560963602113773,1.4585759934931941e-05
倭,致,0.2243540715165024,2,8.91448051948052,175,0.021523800526909387,5.235538174772431,7.544672779695439,0.03939913282155548
倭,三十余艘,0.0012820232658085852,1,780.0170454545455,1,0.0012820232655155787,13.324316870789293,7.532394449917002,0.005676904391478231
倭,不云,0.0012820232658085852,1,780.0170454545455,1,0.0012820232655155787,13.324316870789293,7.532394449917002,0.005676904391478231
倭,不折入,0.0012820232658085852,1,780.0170454545455,1,0.0012820232655155787,13.324316870789293,7.532394449917002,0.005676904391478231
倭,且惩,0.0012820232658085852,1,780.0170454545455,1,0.0012820232655155787,13.324316870789293,7.532394449917002,0.005676904391478231
倭,东营,0.0012820232658085852,1,780.0170454545455,1,0.0012820232655155787,13.324316870789293,7.532394449917002,0.005676904391478231
倭,中一,0.0012820232658085852,1,780.0170454545455,1,0.0012820232655155787,13.324316870789293,7.532394449917002,0.005676904391478231
倭,中包,0.0012820232658085852,1,780.0170454545455,1,0.0012820232655155787,13.324316870789293,7.532394449917002,0.005676904391478231
倭,中妇,0.0012820232658085852,1,780.0170454545455,1,0.0012820232655155787,13.324316870789293,7.532394449917002,0.005676904391478231
倭,中逐,0.0012820232658085852,1,780.0170454545455,1,0.0012820232655155787,13.324316870789293,7.532394449917002,0.005676904391478231
倭,为区,0.0012820232658085852,1,780.0170454545455,1,0.0012820232655155787,13.324316870789293,7.532394449917002,0.005676904391478231
倭,为风,0.0012820232658085852,1,780.0170454545455,1,0.0012820232655155787,13.324316870789293,7.532394449917002,0.005676904391478231
倭,主封,0.0012820232658085852,1,780.0170454545455,1,0.0012820232655155787,13.324316870789293,7.532394449917002,0.005676904391478231
倭,乃多张,0.0012820232658085852,1,780.0170454545455,1,0.0012820232655155787,13.324316870789293,7.532394449917002,0.005676904391478231
倭,乃覆奏,0.0012820232658085852,1,780.0170454545455,1,0.0012820232655155787,13.324316870789293,7.532394449917002,0.005676904391478231
倭,之浪白,0.0012820232658085852,1,780.0170454545455,1,0.0012820232655155787,13.324316870789293,7.532394449917002,0.005676904391478231
倭,乞杀,0.0012820232658085852,1,780.0170454545455,1,0.0012820232655155787,13.324316870789293,7.532394449917002,0.005676904391478231
倭,争入,0.0012820232658085852,1,780.0170454545455,1,0.0012820232655155787,13.324316870789293,7.532394449917002,0.005676904391478231
倭,于浒墅,0.0012820232658085852,1,780.0170454545455,1,0.0012820232655155787,13.324316870789293,7.532394449917002,0.005676904391478231
倭,人俱力,0.0012820232658085852,1,780.0170454545455,1,0.0012820232655155787,13.324316870789293,7.532394449917002,0.005676904391478231
倭,人泊,0.0012820232658085852,1,780.0170454545455,1,0.0012820232655155787,13.324316870789293,7.532394449917002,0.005676904391478231
倭,人舟,0.0012820232658085852,1,780.0170454545455,1,0.0012820232655155787,13.324316870789293,7.532394449917002,0.005676904391478231
倭,人驱,0.0012820232658085852,1,780.0170454545455,1,0.0012820232655155787,13.324316870789293,7.532394449917002,0.005676904391478231
倭,今拨兵,0.0012820232658085852,1,780.0170454545455,1,0.0012820232655155787,13.324316870789293,7.532394449917002,0.005676904391478231
倭,从大猷,0.0012820232658085852,1,780.0170454545455,1,0.0012820232655155787,13.324316870789293,7.532394449917002,0.005676904391478231
倭,任环令,0.0012820232658085852,1,780.0170454545455,1,0.0012820232655155787,13.324316870789293,7.532394449917002,0.005676904391478231
倭,任环围,0.0012820232658085852,1,780.0170454545455,1,0.0012820232655155787,13.324316870789293,7.532394449917002,0.005676904391478231
倭,伏不出,0.0012820232658085852,1,780.0170454545455,1,0.0012820232655155787,13.324316870789293,7.532394449917002,0.005676904391478231
倭,余奔,0.0012820232658085852,1,780.0170454545455,1,0.0012820232655155787,13.324316870789293,7.532394449917002,0.005676904391478231
倭,依险,0.0012820232658085852,1,780.0170454545455,1,0.0012820232655155787,13.324316870789293,7.532394449917002,0.005676904391478231
倭,候宣,0.0012820232658085852,1,780.0170454545455,1,0.0012820232655155787,13.324316870789293,7.532394449917002,0.005676904391478231
倭,倭亦至,0.0012820232658085852,1,780.0170454545455,1,0.0012820232655155787,13.324316870789293,7.532394449917002,0.005676904391478231
倭,倭器,0.0012820232658085852,1,780.0170454545455,1,0.0012820232655155787,13.324316870789293,7.532394449917002,0.005676904391478231
倭,倭垒,0.0012820232658085852,1,780.0170454545455,1,0.0012820232655155787,13.324316870789293,7.532394449917002,0.005676904391478231
倭,倭引,0.0012820232658085852,1,780.0170454545455,1,0.0012820232655155787,13.324316870789293,7.532394449917002,0.005676904391478231
倭,倭恃,0.0012820232658085852,1,780.0170454545455,1,0.0012820232655155787,13.324316870789293,7.532394449917002,0.005676904391478231
倭,倭报,0.0012820232658085852,1,780.0170454545455,1,0.0012820232655155787,13.324316870789293,7.532394449917002,0.005676904391478231
倭,倭故,0.0012820232658085852,1,780.0170454545455,1,0.0012820232655155787,13.324316870789293,7.532394449917002,0.005676904391478231
倭,倭破,0.0012820232658085852,1,780.0170454545455,1,0.0012820232655155787,13.324316870789293,7.532394449917002,0.005676904391478231
倭,倭语,0.0012820232658085852,1,780.0170454545455,1,0.0012820232655155787,13.324316870789293,7.532394449917002,0.005676904391478231
倭,倭遂据,0.0012820232658085852,1,780.0170454545455,1,0.0012820232655155787,13.324316870789293,7.532394449917002,0.005676904391478231
倭,先登多,0.0012820232658085852,1,780.0170454545455,1,0.0012820232655155787,13.324316870789293,7.532394449917002,0.005676904391478231
倭,共破海,0.0012820232658085852,1,780.0170454545455,1,0.0012820232655155787,13.324316870789293,7.532394449917002,0.005676904391478231
倭,兵祸,0.0012820232658085852,1,780.0170454545455,1,0.0012820232655155787,13.324316870789293,7.532394449917002,0.005676904391478231
倭,其党方,0.0012820232658085852,1,780.0170454545455,1,0.0012820232655155787,13.324316870789293,7.532394449917002,0.005676904391478231
倭,军兴资,0.0012820232658085852,1,780.0170454545455,1,0.0012820232655155787,13.324316870789293,7.532394449917002,0.005676904391478231
倭,几平,0.0012820232658085852,1,780.0170454545455,1,0.0012820232655155787,13.324316870789293,7.532394449917002,0.005676904391478231
倭,几阻,0.0012820232658085852,1,780.0170454545455,1,0.0012820232655155787,13.324316870789293,7.532394449917002,0.005676904391478231
倭,分击于,0.0012820232658085852,1,780.0170454545455,1,0.0012820232655155787,13.324316870789293,7.532394449917002,0.005676904391478231
倭,分艘,0.0012820232658085852,1,780.0170454545455,1,0.0012820232655155787,13.324316870789293,7.532394449917002,0.005676904391478231
倭,初随,0.0012820232658085852,1,780.0170454545455,1,0.0012820232655155787,13.324316870789293,7.532394449917002,0.005676904391478231
倭,剿余寇,0.0012820232658085852,1,780.0170454545455,1,0.0012820232655155787,13.324316870789293,7.532394449917002,0.005676904391478231
倭,剿戮,0.0012820232658085852,1,780.0170454545455,1,0.0012820232655155787,13.324316870789293,7.532394449917002,0.005676904391478231
倭,力穷势,0.0012820232658085852,1,780.0170454545455,1,0.0012820232655155787,13.324316870789293,7.532394449917002,0.005676904391478231
倭,功比,0.0012820232658085852,1,780.0170454545455,1,0.0012820232655155787,13.324316870789293,7.532394449917002,0.005676904391478231
倭,劫会稽,0.0012820232658085852,1,780.0170454545455,1,0.0012820232655155787,13.324316870789293,7.532394449917002,0.005676904391478231
倭,化城,0.0012820232658085852,1,780.0170454545455,1,0.0012820232655155787,13.324316870789293,7.532394449917002,0.005676904391478231
倭,北洋,0.0012820232658085852,1,780.0170454545455,1,0.0012820232655155787,13.324316870789293,7.532394449917002,0.005676904391478231
倭,及守,0.0012820232658085852,1,780.0170454545455,1,0.0012820232655155787,13.324316870789293,7.532394449917002,0.005676904391478231
倭,古产里,0.0012820232658085852,1,780.0170454545455,1,0.0012820232655155787,13.324316870789293,7.532394449917002,0.005676904391478231
倭,叶丹,0.0012820232658085852,1,780.0170454545455,1,0.0012820232655155787,13.324316870789293,7.532394449917002,0.005676904391478231
倭,合福宁,0.0012820232658085852,1,780.0170454545455,1,0.0012820232655155787,13.324316870789293,7.532394449917002,0.005676904391478231
倭,吴平相,0.0012820232658085852,1,780.0170454545455,1,0.0012820232655155787,13.324316870789293,7.532394449917002,0.005676904391478231
倭,周弘谟同,0.0012820232658085852,1,780.0170454545455,1,0.0012820232655155787,13.324316870789293,7.532394449917002,0.005676904391478231
倭,咨称,0.0012820232658085852,1,780.0170454545455,1,0.0012820232655155787,13.324316870789293,7.532394449917002,0.005676904391478231
倭,器统,0.0012820232658085852,1,780.0170454545455,1,0.0012820232655155787,13.324316870789293,7.532394449917002,0.005676904391478231
倭,囚七,0.0012820232658085852,1,780.0170454545455,1,0.0012820232655155787,13.324316870789293,7.532394449917002,0.005676904391478231
倭,因往,0.0012820232658085852,1,780.0170454545455,1,0.0012820232655155787,13.324316870789293,7.532394449917002,0.005676904391478231
倭,声复,0.0012820232658085852,1,780.0170454545455,1,0.0012820232655155787,13.324316870789293,7.532394449917002,0.005676904391478231
倭,复勾,0.0012820232658085852,1,780.0170454545455,1,0.0012820232655155787,13.324316870789293,7.532394449917002,0.005676904391478231
倭,复苦兵,0.0012820232658085852,1,780.0170454545455,1,0.0012820232655155787,13.324316870789293,7.532394449917002,0.005676904391478231
倭,大猷固,0.0012820232658085852,1,780.0170454545455,1,0.0012820232655155787,13.324316870789293,7.532394449917002,0.005676904391478231
倭,如梅射,0.0012820232658085852,1,780.0170454545455,1,0.0012820232655155787,13.324316870789293,7.532394449917002,0.005676904391478231
倭,始休,0.0012820232658085852,1,780.0170454545455,1,0.0012820232655155787,13.324316870789293,7.532394449917002,0.005676904391478231
倭,子嵩,0.0012820232658085852,1,780.0170454545455,1,0.0012820232655155787,13.324316870789293,7.532394449917002,0.005676904391478231
倭,孔焘,0.0012820232658085852,1,780.0170454545455,1,0.0012820232655155787,13.324316870789293,7.532394449917002,0.005676904391478231
倭,安弘国,0.0012820232658085852,1,780.0170454545455,1,0.0012820232655155787,13.324316870789293,7.532394449917002,0.005676904391478231
倭,宗宪亲,0.0012820232658085852,1,780.0170454545455,1,0.0012820232655155787,13.324316870789293,7.532394449917002,0.005676904391478231
倭,宗礼击,0.0012820232658085852,1,780.0170454545455,1,0.0012820232655155787,13.324316870789293,7.532394449917002,0.005676904391478231
倭,密报,0.0012820232658085852,1,780.0170454545455,1,0.0012820232655155787,13.324316870789293,7.532394449917002,0.005676904391478231
倭,密疏经,0.0012820232658085852,1,780.0170454545455,1,0.0012820232655155787,13.324316870789293,7.532394449917002,0.005676904391478231
倭,小乌口,0.0012820232658085852,1,780.0170454545455,1,0.0012820232655155787,13.324316870789293,7.532394449917002,0.005676904391478231
倭,尽归巢,0.0012820232658085852,1,780.0170454545455,1,0.0012820232655155787,13.324316870789293,7.532394449917002,0.005676904391478231
倭,屯崎头,0.0012820232658085852,1,780.0170454545455,1,0.0012820232655155787,13.324316870789293,7.532394449917002,0.005676904391478231
倭,岛巢,0.0012820232658085852,1,780.0170454545455,1,0.0012820232655155787,13.324316870789293,7.532394449917002,0.005676904391478231
倭,岭亘,0.0012820232658085852,1,780.0170454545455,1,0.0012820232655155787,13.324316870789293,7.532394449917002,0.005676904391478231
倭,嵩语,0.0012820232658085852,1,780.0170454545455,1,0.0012820232655155787,13.324316870789293,7.532394449917002,0.005676904391478231
倭,师未捷,0.0012820232658085852,1,780.0170454545455,1,0.0012820232655155787,13.324316870789293,7.532394449917002,0.005676904391478231
倭,帝言余,0.0012820232658085852,1,780.0170454545455,1,0.0012820232655155787,13.324316870789293,7.532394449917002,0.005676904391478231
倭,干港,0.0012820232658085852,1,780.0170454545455,1,0.0012820232655155787,13.324316870789293,7.532394449917002,0.005676904391478231
倭,平义智,0.0012820232658085852,1,780.0170454545455,1,0.0012820232655155787,13.324316870789293,7.532394449917002,0.005676904391478231
倭,平倮,0.0012820232658085852,1,780.0170454545455,1,0.0012820232655155787,13.324316870789293,7.532394449917002,0.005676904391478231
倭,平播,0.0012820232658085852,1,780.0170454545455,1,0.0012820232655155787,13.324316870789293,7.532394449917002,0.005676904391478231
倭,应昌得,0.0012820232658085852,1,780.0170454545455,1,0.0012820232655155787,13.324316870789293,7.532394449917002,0.005676904391478231
倭,开罪,0.0012820232658085852,1,780.0170454545455,1,0.0012820232655155787,13.324316870789293,7.532394449917002,0.005676904391478231
倭,张万纪败,0.0012820232658085852,1,780.0170454545455,1,0.0012820232655155787,13.324316870789293,7.532394449917002,0.005676904391478231
倭,张经趣,0.0012820232658085852,1,780.0170454545455,1,0.0012820232655155787,13.324316870789293,7.532394449917002,0.005676904391478231
倭,归自,0.0012820232658085852,1,780.0170454545455,1,0.0012820232655155787,13.324316870789293,7.532394449917002,0.005676904391478231
倭,归计,0.0012820232658085852,1,780.0170454545455,1,0.0012820232655155787,13.324316870789293,7.532394449917002,0.005676904391478231
倭,御之耳,0.0012820232658085852,1,780.0170454545455,1,0.0012820232655155787,13.324316870789293,7.532394449917002,0.005676904391478231
倭,德门,0.0012820232658085852,1,780.0170454545455,1,0.0012820232655155787,13.324316870789293,7.532394449917002,0.005676904391478231
倭,怨直,0.0012820232658085852,1,780.0170454545455,1,0.0012820232655155787,13.324316870789293,7.532394449917002,0.005676904391478231
倭,恩家,0.0012820232658085852,1,780.0170454545455,1,0.0012820232655155787,13.324316870789293,7.532394449917002,0.005676904391478231
倭,患亦平,0.0012820232658085852,1,780.0170454545455,1,0.0012820232655155787,13.324316870789293,7.532394449917002,0.005676904391478231
倭,惟敬书,0.0012820232658085852,1,780.0170454545455,1,0.0012820232655155787,13.324316870789293,7.532394449917002,0.005676904391478231
倭,惟敬款,0.0012820232658085852,1,780.0170454545455,1,0.0012820232655155787,13.324316870789293,7.532394449917002,0.005676904391478231
倭,抵苏,0.0012820232658085852,1,780.0170454545455,1,0.0012820232655155787,13.324316870789293,7.532394449917002,0.005676904391478231
倭,拒险,0.0012820232658085852,1,780.0170454545455,1,0.0012820232655155787,13.324316870789293,7.532394449917002,0.005676904391478231
倭,据五岛,0.0012820232658085852,1,780.0170454545455,1,0.0012820232655155787,13.324316870789293,7.532394449917002,0.005676904391478231
倭,据闲,0.0012820232658085852,1,780.0170454545455,1,0.0012820232655155787,13.324316870789293,7.532394449917002,0.005676904391478231
倭,掠惠,0.0012820232658085852,1,780.0170454545455,1,0.0012820232655155787,13.324316870789293,7.532394449917002,0.005676904391478231
倭,攘其边,0.0012820232658085852,1,780.0170454545455,1,0.0012820232655155787,13.324316870789293,7.532394449917002,0.005676904391478231
倭,斩千九,0.0012820232658085852,1,780.0170454545455,1,0.0012820232655155787,13.324316870789293,7.532394449917002,0.005676904391478231
倭,方谦请,0.0012820232658085852,1,780.0170454545455,1,0.0012820232655155787,13.324316870789293,7.532394449917002,0.005676904391478231
倭,族类,0.0012820232658085852,1,780.0170454545455,1,0.0012820232655155787,13.324316870789293,7.532394449917002,0.005676904391478231
倭,日扰,0.0012820232658085852,1,780.0170454545455,1,0.0012820232655155787,13.324316870789293,7.532394449917002,0.005676904391478231
倭,易帅,0.0012820232658085852,1,780.0170454545455,1,0.0012820232655155787,13.324316870789293,7.532394449917002,0.005676904391478231
倭,普福,0.0012820232658085852,1,780.0170454545455,1,0.0012820232655155787,13.324316870789293,7.532394449917002,0.005676904391478231
倭,更买宅,0.0012820232658085852,1,780.0170454545455,1,0.0012820232655155787,13.324316870789293,7.532394449917002,0.005676904391478231
倭,曹泾盐,0.0012820232658085852,1,780.0170454545455,1,0.0012820232655155787,13.324316870789293,7.532394449917002,0.005676904391478231
倭,有归志,0.0012820232658085852,1,780.0170454545455,1,0.0012820232655155787,13.324316870789293,7.532394449917002,0.005676904391478231
倭,李经率,0.0012820232658085852,1,780.0170454545455,1,0.0012820232655155787,13.324316870789293,7.532394449917002,0.005676904391478231
倭,杨元兵,0.0012820232658085852,1,780.0170454545455,1,0.0012820232655155787,13.324316870789293,7.532394449917002,0.005676904391478231
倭,杨元弃,0.0012820232658085852,1,780.0170454545455,1,0.0012820232655155787,13.324316870789293,7.532394449917002,0.005676904391478231
倭,松气,0.0012820232658085852,1,780.0170454545455,1,0.0012820232655155787,13.324316870789293,7.532394449917002,0.005676904391478231
倭,林咸,0.0012820232658085852,1,780.0170454545455,1,0.0012820232655155787,13.324316870789293,7.532394449917002,0.005676904391478231
倭,枯林者,0.0012820232658085852,1,780.0170454545455,1,0.0012820232655155787,13.324316870789293,7.532394449917002,0.005676904391478231
倭,楷御于,0.0012820232658085852,1,780.0170454545455,1,0.0012820232655155787,13.324316870789293,7.532394449917002,0.005676904391478231
倭,楼辈日,0.0012820232658085852,1,780.0170454545455,1,0.0012820232655155787,13.324316870789293,7.532394449917002,0.005676904391478231
倭,槐伤,0.0012820232658085852,1,780.0170454545455,1,0.0012820232655155787,13.324316870789293,7.532394449917002,0.005676904391478231
倭,横市,0.0012820232658085852,1,780.0170454545455,1,0.0012820232655155787,13.324316870789293,7.532394449917002,0.005676904391478231
倭,檄番,0.0012820232658085852,1,780.0170454545455,1,0.0012820232655155787,13.324316870789293,7.532394449917002,0.005676904391478231
倭,正春言,0.0012820232658085852,1,780.0170454545455,1,0.0012820232655155787,13.324316870789293,7.532394449917002,0.005676904391478231
倭,步步为营,0.0012820232658085852,1,780.0170454545455,1,0.0012820232655155787,13.324316870789293,7.532394449917002,0.005676904391478231
倭,民周来,0.0012820232658085852,1,780.0170454545455,1,0.0012820232655155787,13.324316870789293,7.532394449917002,0.005676904391478231
倭,民既苦,0.0012820232658085852,1,780.0170454545455,1,0.0012820232655155787,13.324316870789293,7.532394449917002,0.005676904391478231
倭,民钟,0.0012820232658085852,1,780.0170454545455,1,0.0012820232655155787,13.324316870789293,7.532394449917002,0.005676904391478231
倭,水具,0.0012820232658085852,1,780.0170454545455,1,0.0012820232655155787,13.324316870789293,7.532394449917002,0.005676904391478231
倭,江通,0.0012820232658085852,1,780.0170454545455,1,0.0012820232655155787,13.324316870789293,7.532394449917002,0.005676904391478231
倭,沙埠,0.0012820232658085852,1,780.0170454545455,1,0.0012820232655155787,13.324316870789293,7.532394449917002,0.005676904391478231
倭,泊马雄岛,0.0012820232658085852,1,780.0170454545455,1,0.0012820232655155787,13.324316870789293,7.532394449917002,0.005676904391478231
倭,浙后,0.0012820232658085852,1,780.0170454545455,1,0.0012820232655155787,13.324316870789293,7.532394449917002,0.005676904391478231
倭,浙苦,0.0012820232658085852,1,780.0170454545455,1,0.0012820232655155787,13.324316870789293,7.532394449917002,0.005676904391478231
倭,浪港,0.0012820232658085852,1,780.0170454545455,1,0.0012820232655155787,13.324316870789293,7.532394449917002,0.005676904391478231
倭,海巡,0.0012820232658085852,1,780.0170454545455,1,0.0012820232655155787,13.324316870789293,7.532394449917002,0.005676904391478231
倭,温七,0.0012820232658085852,1,780.0170454545455,1,0.0012820232655155787,13.324316870789293,7.532394449917002,0.005676904391478231
倭,源义长,0.0012820232658085852,1,780.0170454545455,1,0.0012820232655155787,13.324316870789293,7.532394449917002,0.005676904391478231
倭,焚杀,0.0012820232658085852,1,780.0170454545455,1,0.0012820232655155787,13.324316870789293,7.532394449917002,0.005676904391478231
倭,然苦,0.0012820232658085852,1,780.0170454545455,1,0.0012820232655155787,13.324316870789293,7.532394449917002,0.005676904391478231
倭,熊川,0.0012820232658085852,1,780.0170454545455,1,0.0012820232655155787,13.324316870789293,7.532394449917002,0.005676904391478231
倭,犹疽,0.0012820232658085852,1,780.0170454545455,1,0.0012820232655155787,13.324316870789293,7.532394449917002,0.005676904391478231
倭,独惨,0.0012820232658085852,1,780.0170454545455,1,0.0012820232655155787,13.324316870789293,7.532394449917002,0.005676904391478231
倭,独耆,0.0012820232658085852,1,780.0170454545455,1,0.0012820232655155787,13.324316870789293,7.532394449917002,0.005676904391478231
倭,王其念,0.0012820232658085852,1,780.0170454545455,1,0.0012820232655155787,13.324316870789293,7.532394449917002,0.005676904391478231
倭,甚以,0.0012820232658085852,1,780.0170454545455,1,0.0012820232655155787,13.324316870789293,7.532394449917002,0.005676904391478231
倭,甚毒,0.0012820232658085852,1,780.0170454545455,1,0.0012820232655155787,13.324316870789293,7.532394449917002,0.005676904391478231
倭,由彦阳,0.0012820232658085852,1,780.0170454545455,1,0.0012820232655155787,13.324316870789293,7.532394449917002,0.005676904391478231
倭,由彦阳通,0.0012820232658085852,1,780.0170454545455,1,0.0012820232655155787,13.324316870789293,7.532394449917002,0.005676904391478231
倭,留防戍,0.0012820232658085852,1,780.0170454545455,1,0.0012820232655155787,13.324316870789293,7.532394449917002,0.005676904391478231
倭,登龛,0.0012820232658085852,1,780.0170454545455,1,0.0012820232655155787,13.324316870789293,7.532394449917002,0.005676904391478231
倭,直渐,0.0012820232658085852,1,780.0170454545455,1,0.0012820232655155787,13.324316870789293,7.532394449917002,0.005676904391478231
倭,直部,0.0012820232658085852,1,780.0170454545455,1,0.0012820232655155787,13.324316870789293,7.532394449917002,0.005676904391478231
倭,突青村,0.0012820232658085852,1,780.0170454545455,1,0.0012820232655155787,13.324316870789293,7.532394449917002,0.005676904391478231
倭,籍民丁,0.0012820232658085852,1,780.0170454545455,1,0.0012820232655155787,13.324316870789293,7.532394449917002,0.005676904391478231
倭,系路,0.0012820232658085852,1,780.0170454545455,1,0.0012820232655155787,13.324316870789293,7.532394449917002,0.005676904391478231
倭,累朝驭,0.0012820232658085852,1,780.0170454545455,1,0.0012820232655155787,13.324316870789293,7.532394449917002,0.005676904391478231
倭,纠新,0.0012820232658085852,1,780.0170454545455,1,0.0012820232655155787,13.324316870789293,7.532394449917002,0.005676904391478231
倭,经击,0.0012820232658085852,1,780.0170454545455,1,0.0012820232655155787,13.324316870789293,7.532394449917002,0.005676904391478231
倭,绝之便,0.0012820232658085852,1,780.0170454545455,1,0.0012820232655155787,13.324316870789293,7.532394449917002,0.005676904391478231
倭,而南接,0.0012820232658085852,1,780.0170454545455,1,0.0012820232655155787,13.324316870789293,7.532394449917002,0.005676904391478231
倭,自二城失,0.0012820232658085852,1,780.0170454545455,1,0.0012820232655155787,13.324316870789293,7.532394449917002,0.005676904391478231
倭,至安港,0.0012820232658085852,1,780.0170454545455,1,0.0012820232655155787,13.324316870789293,7.532394449917002,0.005676904391478231
倭,舨,0.0012820232658085852,1,780.0170454545455,1,0.0012820232655155787,13.324316870789293,7.532394449917002,0.005676904391478231
倭,范独,0.0012820232658085852,1,780.0170454545455,1,0.0012820232655155787,13.324316870789293,7.532394449917002,0.005676904391478231
倭,茅国,0.0012820232658085852,1,780.0170454545455,1,0.0012820232655155787,13.324316870789293,7.532394449917002,0.005676904391478231
倭,获三人,0.0012820232658085852,1,780.0170454545455,1,0.0012820232655155787,13.324316870789293,7.532394449917002,0.005676904391478231
倭,获千人,0.0012820232658085852,1,780.0170454545455,1,0.0012820232655155787,13.324316870789293,7.532394449917002,0.005676904391478231
倭,蓝松,0.0012820232658085852,1,780.0170454545455,1,0.0012820232655155787,13.324316870789293,7.532394449917002,0.005676904391478231
倭,蔡港,0.0012820232658085852,1,780.0170454545455,1,0.0012820232655155787,13.324316870789293,7.532394449917002,0.005676904391478231
倭,蔽海,0.0012820232658085852,1,780.0170454545455,1,0.0012820232655155787,13.324316870789293,7.532394449917002,0.005676904391478231
倭,薄南原,0.0012820232658085852,1,780.0170454545455,1,0.0012820232655155787,13.324316870789293,7.532394449917002,0.005676904391478231
倭,见民家,0.0012820232658085852,1,780.0170454545455,1,0.0012820232655155787,13.324316870789293,7.532394449917002,0.005676904391478231
倭,警告,0.0012820232658085852,1,780.0170454545455,1,0.0012820232655155787,13.324316870789293,7.532394449917002,0.005676904391478231
倭,议复行,0.0012820232658085852,1,780.0170454545455,1,0.0012820232655155787,13.324316870789293,7.532394449917002,0.005676904391478231
倭,许朝光,0.0012820232658085852,1,780.0170454545455,1,0.0012820232655155787,13.324316870789293,7.532394449917002,0.005676904391478231
倭,诱遽,0.0012820232658085852,1,780.0170454545455,1,0.0012820232655155787,13.324316870789293,7.532394449917002,0.005676904391478231
倭,请款,0.0012820232658085852,1,780.0170454545455,1,0.0012820232655155787,13.324316870789293,7.532394449917002,0.005676904391478231
倭,貂党,0.0012820232658085852,1,780.0170454545455,1,0.0012820232655155787,13.324316870789293,7.532394449917002,0.005676904391478231
倭,责宗宪,0.0012820232658085852,1,780.0170454545455,1,0.0012820232655155787,13.324316870789293,7.532394449917002,0.005676904391478231
倭,贱世役,0.0012820232658085852,1,780.0170454545455,1,0.0012820232655155787,13.324316870789293,7.532394449917002,0.005676904391478231
倭,贵世官,0.0012820232658085852,1,780.0170454545455,1,0.0012820232655155787,13.324316870789293,7.532394449917002,0.005676904391478231
倭,贵欲,0.0012820232658085852,1,780.0170454545455,1,0.0012820232655155787,13.324316870789293,7.532394449917002,0.005676904391478231
倭,贵驰,0.0012820232658085852,1,780.0170454545455,1,0.0012820232655155787,13.324316870789293,7.532394449917002,0.005676904391478231
倭,赠翅,0.0012820232658085852,1,780.0170454545455,1,0.0012820232655155787,13.324316870789293,7.532394449917002,0.005676904391478231
倭,趋尚州,0.0012820232658085852,1,780.0170454545455,1,0.0012820232655155787,13.324316870789293,7.532394449917002,0.005676904391478231
倭,趋秣陵关,0.0012820232658085852,1,780.0170454545455,1,0.0012820232655155787,13.324316870789293,7.532394449917002,0.005676904391478231
倭,连舰,0.0012820232658085852,1,780.0170454545455,1,0.0012820232655155787,13.324316870789293,7.532394449917002,0.005676904391478231
倭,释重,0.0012820232658085852,1,780.0170454545455,1,0.0012820232655155787,13.324316870789293,7.532394449917002,0.005676904391478231
倭,金等军,0.0012820232658085852,1,780.0170454545455,1,0.0012820232655155787,13.324316870789293,7.532394449917002,0.005676904391478231
倭,长数,0.0012820232658085852,1,780.0170454545455,1,0.0012820232655155787,13.324316870789293,7.532394449917002,0.005676904391478231
倭,闲山,0.0012820232658085852,1,780.0170454545455,1,0.0012820232655155787,13.324316870789293,7.532394449917002,0.005676904391478231
倭,闽多,0.0012820232658085852,1,780.0170454545455,1,0.0012820232655155787,13.324316870789293,7.532394449917002,0.005676904391478231
倭,阎望,0.0012820232658085852,1,780.0170454545455,1,0.0012820232655155787,13.324316870789293,7.532394449917002,0.005676904391478231
倭,阵以,0.0012820232658085852,1,780.0170454545455,1,0.0012820232655155787,13.324316870789293,7.532394449917002,0.005676904391478231
倭,阵破,0.0012820232658085852,1,780.0170454545455,1,0.0012820232655155787,13.324316870789293,7.532394449917002,0.005676904391478231
倭,随犯,0.0012820232658085852,1,780.0170454545455,1,0.0012820232655155787,13.324316870789293,7.532394449917002,0.005676904391478231
倭,难告,0.0012820232658085852,1,780.0170454545455,1,0.0012820232655155787,13.324316870789293,7.532394449917002,0.005676904391478231
倭,难轻动,0.0012820232658085852,1,780.0170454545455,1,0.0012820232655155787,13.324316870789293,7.532394449917002,0.005676904391478231
倭,集多官,0.0012820232658085852,1,780.0170454545455,1,0.0012820232655155787,13.324316870789293,7.532394449917002,0.005676904391478231
倭,非详,0.0012820232658085852,1,780.0170454545455,1,0.0012820232655155787,13.324316870789293,7.532394449917002,0.005676904391478231
倭,顾兵,0.0012820232658085852,1,780.0170454545455,1,0.0012820232655155787,13.324316870789293,7.532394449917002,0.005676904391478231
倭,马图,0.0012820232658085852,1,780.0170454545455,1,0.0012820232655155787,13.324316870789293,7.532394449917002,0.005676904391478231
倭,马迹,0.0012820232658085852,1,780.0170454545455,1,0.0012820232655155787,13.324316870789293,7.532394449917002,0.005676904391478231
倭,鸣声,0.0012820232658085852,1,780.0170454545455,1,0.0012820232655155787,13.324316870789293,7.532394449917002,0.005676904391478231
倭,黄承元,0.0012820232658085852,1,780.0170454545455,1,0.0012820232655155787,13.324316870789293,7.532394449917002,0.005676904391478231
倭,龙严,0.0012820232658085852,1,780.0170454545455,1,0.0012820232655155787,13.324316870789293,7.532394449917002,0.005676904391478231
倭,一岑,0.0025640465316171704,1,390.00852272727275,2,0.0025624122741090107,10.554279280870722,7.524266569033602,0.008539172861914822
倭,三中,0.0025640465316171704,1,390.00852272727275,2,0.0025624122741090107,10.554279280870722,7.524266569033602,0.008539172861914822
倭,丐食,0.0025640465316171704,1,390.00852272727275,2,0.0025624122741090107,10.554279280870722,7.524266569033602,0.008539172861914822
倭,且平,0.0025640465316171704,1,390.00852272727275,2,0.0025624122741090107,10.554279280870722,7.524266569033602,0.008539172861914822
倭,东沙,0.0025640465316171704,1,390.00852272727275,2,0.0025624122741090107,10.554279280870722,7.524266569033602,0.008539172861914822
倭,东番,0.0025640465316171704,1,390.00852272727275,2,0.0025624122741090107,10.554279280870722,7.524266569033602,0.008539172861914822
倭,中日,0.0025640465316171704,1,390.00852272727275,2,0.0025624122741090107,10.554279280870722,7.524266569033602,0.008539172861914822
倭,久苦,0.0025640465316171704,1,390.00852272727275,2,0.0025624122741090107,10.554279280870722,7.524266569033602,0.008539172861914822
倭,之隘,0.0025640465316171704,1,390.00852272727275,2,0.0025624122741090107,10.554279280870722,7.524266569033602,0.008539172861914822
倭,乱军,0.0025640465316171704,1,390.00852272727275,2,0.0025624122741090107,10.554279280870722,7.524266569033602,0.008539172861914822
倭,于崇德,0.0025640465316171704,1,390.00852272727275,2,0.0025624122741090107,10.554279280870722,7.524266569033602,0.008539172861914822
倭,以三事,0.0025640465316171704,1,390.00852272727275,2,0.0025624122741090107,10.554279280870722,7.524266569033602,0.008539172861914822
倭,会邑,0.0025640465316171704,1,390.00852272727275,2,0.0025624122741090107,10.554279280870722,7.524266569033602,0.008539172861914822
倭,倭乃退,0.0025640465316171704,1,390.00852272727275,2,0.0025624122741090107,10.554279280870722,7.524266569033602,0.008539172861914822
倭,倭遁,0.0025640465316171704,1,390.00852272727275,2,0.0025624122741090107,10.554279280870722,7.524266569033602,0.008539172861914822
倭,停寝,0.0025640465316171704,1,390.00852272727275,2,0.0025624122741090107,10.554279280870722,7.524266569033602,0.008539172861914822
倭,傅岸,0.0025640465316171704,1,390.00852272727275,2,0.0025624122741090107,10.554279280870722,7.524266569033602,0.008539172861914822
倭,先议,0.0025640465316171704,1,390.00852272727275,2,0.0025624122741090107,10.554279280870722,7.524266569033602,0.008539172861914822
倭,入城者,0.0025640465316171704,1,390.00852272727275,2,0.0025624122741090107,10.554279280870722,7.524266569033602,0.008539172861914822
倭,全岛,0.0025640465316171704,1,390.00852272727275,2,0.0025624122741090107,10.554279280870722,7.524266569033602,0.008539172861914822
倭,列兵,0.0025640465316171704,1,390.00852272727275,2,0.0025624122741090107,10.554279280870722,7.524266569033602,0.008539172861914822
倭,列表,0.0025640465316171704,1,390.00852272727275,2,0.0025624122741090107,10.554279280870722,7.524266569033602,0.008539172861914822
倭,前功尽弃,0.0025640465316171704,1,390.00852272727275,2,0.0025624122741090107,10.554279280870722,7.524266569033602,0.008539172861914822
倭,受刃者,0.0025640465316171704,1,390.00852272727275,2,0.0025624122741090107,10.554279280870722,7.524266569033602,0.008539172861914822
倭,噤,0.0025640465316171704,1,390.00852272727275,2,0.0025624122741090107,10.554279280870722,7.524266569033602,0.008539172861914822
倭,四五千,0.0025640465316171704,1,390.00852272727275,2,0.0025624122741090107,10.554279280870722,7.524266569033602,0.008539172861914822
倭,围南原,0.0025640465316171704,1,390.00852272727275,2,0.0025624122741090107,10.554279280870722,7.524266569033602,0.008539172861914822
倭,城依,0.0025640465316171704,1,390.00852272727275,2,0.0025624122741090107,10.554279280870722,7.524266569033602,0.008539172861914822
倭,夹冈,0.0025640465316171704,1,390.00852272727275,2,0.0025624122741090107,10.554279280870722,7.524266569033602,0.008539172861914822
倭,宁等,0.0025640465316171704,1,390.00852272727275,2,0.0025624122741090107,10.554279280870722,7.524266569033602,0.008539172861914822
倭,家康,0.0025640465316171704,1,390.00852272727275,2,0.0025624122741090107,10.554279280870722,7.524266569033602,0.008539172861914822
倭,容统,0.0025640465316171704,1,390.00852272727275,2,0.0025624122741090107,10.554279280870722,7.524266569033602,0.008539172861914822
倭,尝调,0.0025640465316171704,1,390.00852272727275,2,0.0025624122741090107,10.554279280870722,7.524266569033602,0.008539172861914822
倭,岁复,0.0025640465316171704,1,390.00852272727275,2,0.0025624122741090107,10.554279280870722,7.524266569033602,0.008539172861914822
倭,布种,0.0025640465316171704,1,390.00852272727275,2,0.0025624122741090107,10.554279280870722,7.524266569033602,0.008539172861914822
倭,干惧,0.0025640465316171704,1,390.00852272727275,2,0.0025624122741090107,10.554279280870722,7.524266569033602,0.008539172861914822
倭,并绝,0.0025640465316171704,1,390.00852272727275,2,0.0025624122741090107,10.554279280870722,7.524266569033602,0.008539172861914822
倭,广益,0.0025640465316171704,1,390.00852272727275,2,0.0025624122741090107,10.554279280870722,7.524266569033602,0.008539172861914822
倭,建楼,0.0025640465316171704,1,390.00852272727275,2,0.0025624122741090107,10.554279280870722,7.524266569033602,0.008539172861914822
倭,开腰,0.0025640465316171704,1,390.00852272727275,2,0.0025624122741090107,10.554279280870722,7.524266569033602,0.008539172861914822
倭,彭翅,0.0025640465316171704,1,390.00852272727275,2,0.0025624122741090107,10.554279280870722,7.524266569033602,0.008539172861914822
倭,德兵,0.0025640465316171704,1,390.00852272727275,2,0.0025624122741090107,10.554279280870722,7.524266569033602,0.008539172861914822
倭,悉纳,0.0025640465316171704,1,390.00852272727275,2,0.0025624122741090107,10.554279280870722,7.524266569033602,0.008539172861914822
倭,惟嵩,0.0025640465316171704,1,390.00852272727275,2,0.0025624122741090107,10.554279280870722,7.524266569033602,0.008539172861914822
倭,惟敬往,0.0025640465316171704,1,390.00852272727275,2,0.0025624122741090107,10.554279280870722,7.524266569033602,0.008539172861914822
倭,摇手,0.0025640465316171704,1,390.00852272727275,2,0.0025624122741090107,10.554279280870722,7.524266569033602,0.008539172861914822
倭,旗号,0.0025640465316171704,1,390.00852272727275,2,0.0025624122741090107,10.554279280870722,7.524266569033602,0.008539172861914822
倭,日剧,0.0025640465316171704,1,390.00852272727275,2,0.0025624122741090107,10.554279280870722,7.524266569033602,0.008539172861914822
倭,时国珍,0.0025640465316171704,1,390.00852272727275,2,0.0025624122741090107,10.554279280870722,7.524266569033602,0.008539172861914822
倭,时淮,0.0025640465316171704,1,390.00852272727275,2,0.0025624122741090107,10.554279280870722,7.524266569033602,0.008539172861914822
倭,每来,0.0025640465316171704,1,390.00852272727275,2,0.0025624122741090107,10.554279280870722,7.524266569033602,0.008539172861914822
倭,民免,0.0025640465316171704,1,390.00852272727275,2,0.0025624122741090107,10.554279280870722,7.524266569033602,0.008539172861914822
倭,水南,0.0025640465316171704,1,390.00852272727275,2,0.0025624122741090107,10.554279280870722,7.524266569033602,0.008539172861914822
倭,江一麟,0.0025640465316171704,1,390.00852272727275,2,0.0025624122741090107,10.554279280870722,7.524266569033602,0.008539172861914822
倭,泣言,0.0025640465316171704,1,390.00852272727275,2,0.0025624122741090107,10.554279280870722,7.524266569033602,0.008539172861914822
倭,潮间,0.0025640465316171704,1,390.00852272727275,2,0.0025624122741090107,10.554279280870722,7.524266569033602,0.008539172861914822
倭,澳夷,0.0025640465316171704,1,390.00852272727275,2,0.0025624122741090107,10.554279280870722,7.524266569033602,0.008539172861914822
倭,环守,0.0025640465316171704,1,390.00852272727275,2,0.0025624122741090107,10.554279280870722,7.524266569033602,0.008539172861914822
倭,留村,0.0025640465316171704,1,390.00852272727275,2,0.0025624122741090107,10.554279280870722,7.524266569033602,0.008539172861914822
倭,白死,0.0025640465316171704,1,390.00852272727275,2,0.0025624122741090107,10.554279280870722,7.524266569033602,0.008539172861914822
倭,直兵,0.0025640465316171704,1,390.00852272727275,2,0.0025624122741090107,10.554279280870722,7.524266569033602,0.008539172861914822
倭,直逼,0.0025640465316171704,1,390.00852272727275,2,0.0025624122741090107,10.554279280870722,7.524266569033602,0.008539172861914822
倭,石坪,0.0025640465316171704,1,390.00852272727275,2,0.0025624122741090107,10.554279280870722,7.524266569033602,0.008539172861914822
倭,破其寨,0.0025640465316171704,1,390.00852272727275,2,0.0025624122741090107,10.554279280870722,7.524266569033602,0.008539172861914822
倭,福建人,0.0025640465316171704,1,390.00852272727275,2,0.0025624122741090107,10.554279280870722,7.524266569033602,0.008539172861914822
倭,红衣,0.0025640465316171704,1,390.00852272727275,2,0.0025624122741090107,10.554279280870722,7.524266569033602,0.008539172861914822
倭,纵归,0.0025640465316171704,1,390.00852272727275,2,0.0025624122741090107,10.554279280870722,7.524266569033602,0.008539172861914822
倭,缅寇,0.0025640465316171704,1,390.00852272727275,2,0.0025624122741090107,10.554279280870722,7.524266569033602,0.008539172861914822
倭,而方亨,0.0025640465316171704,1,390.00852272727275,2,0.0025624122741090107,10.554279280870722,7.524266569033602,0.008539172861914822
倭,请援,0.0025640465316171704,1,390.00852272727275,2,0.0025624122741090107,10.554279280870722,7.524266569033602,0.008539172861914822
倭,诸贼合,0.0025640465316171704,1,390.00852272727275,2,0.0025624122741090107,10.554279280870722,7.524266569033602,0.008539172861914822
倭,负险,0.0025640465316171704,1,390.00852272727275,2,0.0025624122741090107,10.554279280870722,7.524266569033602,0.008539172861914822
倭,贩私,0.0025640465316171704,1,390.00852272727275,2,0.0025624122741090107,10.554279280870722,7.524266569033602,0.008539172861914822
倭,起有,0.0025640465316171704,1,390.00852272727275,2,0.0025624122741090107,10.554279280870722,7.524266569033602,0.008539172861914822
倭,趋城,0.0025640465316171704,1,390.00852272727275,2,0.0025624122741090107,10.554279280870722,7.524266569033602,0.008539172861914822
倭,邀败,0.0025640465316171704,1,390.00852272727275,2,0.0025624122741090107,10.554279280870722,7.524266569033602,0.008539172861914822
倭,邹塘,0.0025640465316171704,1,390.00852272727275,2,0.0025624122741090107,10.554279280870722,7.524266569033602,0.008539172861914822
倭,金甲,0.0025640465316171704,1,390.00852272727275,2,0.0025624122741090107,10.554279280870722,7.524266569033602,0.008539172861914822
倭,闾巷,0.0025640465316171704,1,390.00852272727275,2,0.0025624122741090107,10.554279280870722,7.524266569033602,0.008539172861914822
倭,陆泾坝,0.0025640465316171704,1,390.00852272727275,2,0.0025624122741090107,10.554279280870722,7.524266569033602,0.008539172861914822
倭,骚,0.0025640465316171704,1,390.00852272727275,2,0.0025624122741090107,10.554279280870722,7.524266569033602,0.008539172861914822
倭,鬪,0.0025640465316171704,1,390.00852272727275,2,0.0025624122741090107,10.554279280870722,7.524266569033602,0.008539172861914822
倭,鸣谦,0.0025640465316171704,1,390.00852272727275,2,0.0025624122741090107,10.554279280870722,7.524266569033602,0.008539172861914822
倭,大小,0.23204621111135393,2,8.618972877950778,181,0.022914978072896885,5.115169400348867,7.5202197359709,0.04092412520477303
倭,乔远,0.0038460697974257558,1,260.0056818181818,3,0.0038411692726451063,9.510334144260167,7.516184222735744,0.011523507817935319
倭,亟治,0.0038460697974257558,1,260.0056818181818,3,0.0038411692726451063,9.510334144260167,7.516184222735744,0.011523507817935319
倭,众妇,0.0038460697974257558,1,260.0056818181818,3,0.0038411692726451063,9.510334144260167,7.516184222735744,0.011523507817935319
倭,军少,0.0038460697974257558,1,260.0056818181818,3,0.0038411692726451063,9.510334144260167,7.516184222735744,0.011523507817935319
倭,分道击,0.0038460697974257558,1,260.0056818181818,3,0.0038411692726451063,9.510334144260167,7.516184222735744,0.011523507817935319
倭,初至,0.0038460697974257558,1,260.0056818181818,3,0.0038411692726451063,9.510334144260167,7.516184222735744,0.011523507817935319
倭,咸安,0.0038460697974257558,1,260.0056818181818,3,0.0038411692726451063,9.510334144260167,7.516184222735744,0.011523507817935319
倭,娄门,0.0038460697974257558,1,260.0056818181818,3,0.0038411692726451063,9.510334144260167,7.516184222735744,0.011523507817935319
倭,宜移,0.0038460697974257558,1,260.0056818181818,3,0.0038411692726451063,9.510334144260167,7.516184222735744,0.011523507817935319
倭,宪兵,0.0038460697974257558,1,260.0056818181818,3,0.0038411692726451063,9.510334144260167,7.516184222735744,0.011523507817935319
倭,对马,0.0038460697974257558,1,260.0056818181818,3,0.0038411692726451063,9.510334144260167,7.516184222735744,0.011523507817935319
倭,屯据,0.0038460697974257558,1,260.0056818181818,3,0.0038411692726451063,9.510334144260167,7.516184222735744,0.011523507817935319
倭,山岛,0.0038460697974257558,1,260.0056818181818,3,0.0038411692726451063,9.510334144260167,7.516184222735744,0.011523507817935319
倭,巢于,0.0038460697974257558,1,260.0056818181818,3,0.0038411692726451063,9.510334144260167,7.516184222735744,0.011523507817935319
倭,彭山,0.0038460697974257558,1,260.0056818181818,3,0.0038411692726451063,9.510334144260167,7.516184222735744,0.011523507817935319
倭,悖慢,0.0038460697974257558,1,260.0056818181818,3,0.0038411692726451063,9.510334144260167,7.516184222735744,0.011523507817935319
倭,所辱,0.0038460697974257558,1,260.0056818181818,3,0.0038411692726451063,9.510334144260167,7.516184222735744,0.011523507817935319
倭,搜采,0.0038460697974257558,1,260.0056818181818,3,0.0038411692726451063,9.510334144260167,7.516184222735744,0.011523507817935319
倭,日役,0.0038460697974257558,1,260.0056818181818,3,0.0038411692726451063,9.510334144260167,7.516184222735744,0.011523507817935319
倭,气益,0.0038460697974257558,1,260.0056818181818,3,0.0038411692726451063,9.510334144260167,7.516184222735744,0.011523507817935319
倭,源义,0.0038460697974257558,1,260.0056818181818,3,0.0038411692726451063,9.510334144260167,7.516184222735744,0.011523507817935319
倭,犯境,0.0038460697974257558,1,260.0056818181818,3,0.0038411692726451063,9.510334144260167,7.516184222735744,0.011523507817935319
倭,田丰,0.0038460697974257558,1,260.0056818181818,3,0.0038411692726451063,9.510334144260167,7.516184222735744,0.011523507817935319
倭,盐者,0.0038460697974257558,1,260.0056818181818,3,0.0038411692726451063,9.510334144260167,7.516184222735744,0.011523507817935319
倭,突犯,0.0038460697974257558,1,260.0056818181818,3,0.0038411692726451063,9.510334144260167,7.516184222735744,0.011523507817935319
倭,舟至,0.0038460697974257558,1,260.0056818181818,3,0.0038411692726451063,9.510334144260167,7.516184222735744,0.011523507817935319
倭,菑,0.0038460697974257558,1,260.0056818181818,3,0.0038411692726451063,9.510334144260167,7.516184222735744,0.011523507817935319
倭,虽败,0.0038460697974257558,1,260.0056818181818,3,0.0038411692726451063,9.510334144260167,7.516184222735744,0.011523507817935319
倭,送回,0.0038460697974257558,1,260.0056818181818,3,0.0038411692726451063,9.510334144260167,7.516184222735744,0.011523507817935319
倭,量调,0.0038460697974257558,1,260.0056818181818,3,0.0038411692726451063,9.510334144260167,7.516184222735744,0.011523507817935319
倭,陆聚,0.0038460697974257558,1,260.0056818181818,3,0.0038411692726451063,9.510334144260167,7.516184222735744,0.011523507817935319
倭,陈愚,0.0038460697974257558,1,260.0056818181818,3,0.0038411692726451063,9.510334144260167,7.516184222735744,0.011523507817935319
倭,龙战,0.0038460697974257558,1,260.0056818181818,3,0.0038411692726451063,9.510334144260167,7.516184222735744,0.011523507817935319
倭,人失,0.005128093063234341,1,195.00426136363637,4,0.005118295498922842,8.833289166595424,7.508146903670325,0.014293641641700291
倭,以县,0.005128093063234341,1,195.00426136363637,4,0.005118295498922842,8.833289166595424,7.508146903670325,0.014293641641700291
倭,以败,0.005128093063234341,1,195.00426136363637,4,0.005118295498922842,8.833289166595424,7.508146903670325,0.014293641641700291
倭,伍端,0.005128093063234341,1,195.00426136363637,4,0.005118295498922842,8.833289166595424,7.508146903670325,0.014293641641700291
倭,倭使,0.005128093063234341,1,195.00426136363637,4,0.005118295498922842,8.833289166595424,7.508146903670325,0.014293641641700291
倭,六七十,0.005128093063234341,1,195.00426136363637,4,0.005118295498922842,8.833289166595424,7.508146903670325,0.014293641641700291
倭,具方物,0.005128093063234341,1,195.00426136363637,4,0.005118295498922842,8.833289166595424,7.508146903670325,0.014293641641700291
倭,北接,0.005128093063234341,1,195.00426136363637,4,0.005118295498922842,8.833289166595424,7.508146903670325,0.014293641641700291
倭,即议,0.005128093063234341,1,195.00426136363637,4,0.005118295498922842,8.833289166595424,7.508146903670325,0.014293641641700291
倭,复大至,0.005128093063234341,1,195.00426136363637,4,0.005118295498922842,8.833289166595424,7.508146903670325,0.014293641641700291
倭,大祸,0.005128093063234341,1,195.00426136363637,4,0.005118295498922842,8.833289166595424,7.508146903670325,0.014293641641700291
倭,契丹,0.005128093063234341,1,195.00426136363637,4,0.005118295498922842,8.833289166595424,7.508146903670325,0.014293641641700291
倭,宜少,0.005128093063234341,1,195.00426136363637,4,0.005118295498922842,8.833289166595424,7.508146903670325,0.014293641641700291
倭,小西飞,0.005128093063234341,1,195.00426136363637,4,0.005118295498922842,8.833289166595424,7.508146903670325,0.014293641641700291
倭,岛屿,0.005128093063234341,1,195.00426136363637,4,0.005118295498922842,8.833289166595424,7.508146903670325,0.014293641641700291
倭,平海,0.005128093063234341,1,195.00426136363637,4,0.005118295498922842,8.833289166595424,7.508146903670325,0.014293641641700291
倭,平海卫,0.005128093063234341,1,195.00426136363637,4,0.005118295498922842,8.833289166595424,7.508146903670325,0.014293641641700291
倭,张鸣冈,0.005128093063234341,1,195.00426136363637,4,0.005118295498922842,8.833289166595424,7.508146903670325,0.014293641641700291
倭,提编,0.005128093063234341,1,195.00426136363637,4,0.005118295498922842,8.833289166595424,7.508146903670325,0.014293641641700291
倭,斗志,0.005128093063234341,1,195.00426136363637,4,0.005118295498922842,8.833289166595424,7.508146903670325,0.014293641641700291
倭,服饰,0.005128093063234341,1,195.00426136363637,4,0.005118295498922842,8.833289166595424,7.508146903670325,0.014293641641700291
倭,猝起,0.005128093063234341,1,195.00426136363637,4,0.005118295498922842,8.833289166595424,7.508146903670325,0.014293641641700291
倭,玄钟,0.005128093063234341,1,195.00426136363637,4,0.005118295498922842,8.833289166595424,7.508146903670325,0.014293641641700291
倭,自缚,0.005128093063234341,1,195.00426136363637,4,0.005118295498922842,8.833289166595424,7.508146903670325,0.014293641641700291
倭,萨摩,0.005128093063234341,1,195.00426136363637,4,0.005118295498922842,8.833289166595424,7.508146903670325,0.014293641641700291
倭,连江,0.005128093063234341,1,195.00426136363637,4,0.005118295498922842,8.833289166595424,7.508146903670325,0.014293641641700291
倭,陈可愿,0.005128093063234341,1,195.00426136363637,4,0.005118295498922842,8.833289166595424,7.508146903670325,0.014293641641700291
倭,余,0.4679384920201336,3,6.41109900373599,365,0.011866776633672416,6.138438887955451,7.505477716894341,0.026050496073579683
倭,江南,0.23717430417458826,2,8.432616707616708,185,0.02386253007023853,5.03741250979153,7.504144973112829,0.04242058434836006
倭,丧失,0.006410116329042926,1,156.0034090909091,5,0.006393794794888663,8.330497276280255,7.500154112916794,0.016501350638305472
倭,义持,0.006410116329042926,1,156.0034090909091,5,0.006393794794888663,8.330497276280255,7.500154112916794,0.016501350638305472
倭,从臾,0.006410116329042926,1,156.0034090909091,5,0.006393794794888663,8.330497276280255,7.500154112916794,0.016501350638305472
倭,仙游,0.006410116329042926,1,156.0034090909091,5,0.006393794794888663,8.330497276280255,7.500154112916794,0.016501350638305472
倭,以胁,0.006410116329042926,1,156.0034090909091,5,0.006393794794888663,8.330497276280255,7.500154112916794,0.016501350638305472
倭,倭复,0.006410116329042926,1,156.0034090909091,5,0.006393794794888663,8.330497276280255,7.500154112916794,0.016501350638305472
倭,倭至,0.006410116329042926,1,156.0034090909091,5,0.006393794794888663,8.330497276280255,7.500154112916794,0.016501350638305472
倭,儿女,0.006410116329042926,1,156.0034090909091,5,0.006393794794888663,8.330497276280255,7.500154112916794,0.016501350638305472
倭,兵剿,0.006410116329042926,1,156.0034090909091,5,0.006393794794888663,8.330497276280255,7.500154112916794,0.016501350638305472
倭,其客,0.006410116329042926,1,156.0034090909091,5,0.006393794794888663,8.330497276280255,7.500154112916794,0.016501350638305472
倭,叛入,0.006410116329042926,1,156.0034090909091,5,0.006393794794888663,8.330497276280255,7.500154112916794,0.016501350638305472
倭,地以,0.006410116329042926,1,156.0034090909091,5,0.006393794794888663,8.330497276280255,7.500154112916794,0.016501350638305472
倭,复居,0.006410116329042926,1,156.0034090909091,5,0.006393794794888663,8.330497276280255,7.500154112916794,0.016501350638305472
倭,外洋,0.006410116329042926,1,156.0034090909091,5,0.006393794794888663,8.330497276280255,7.500154112916794,0.016501350638305472
倭,峭壁,0.006410116329042926,1,156.0034090909091,5,0.006393794794888663,8.330497276280255,7.500154112916794,0.016501350638305472
倭,巡海,0.006410116329042926,1,156.0034090909091,5,0.006393794794888663,8.330497276280255,7.500154112916794,0.016501350638305472
倭,帅舟师,0.006410116329042926,1,156.0034090909091,5,0.006393794794888663,8.330497276280255,7.500154112916794,0.016501350638305472
倭,平罗,0.006410116329042926,1,156.0034090909091,5,0.006393794794888663,8.330497276280255,7.500154112916794,0.016501350638305472
倭,悉遣,0.006410116329042926,1,156.0034090909091,5,0.006393794794888663,8.330497276280255,7.500154112916794,0.016501350638305472
倭,所围,0.006410116329042926,1,156.0034090909091,5,0.006393794794888663,8.330497276280255,7.500154112916794,0.016501350638305472
倭,数遭,0.006410116329042926,1,156.0034090909091,5,0.006393794794888663,8.330497276280255,7.500154112916794,0.016501350638305472
倭,显为,0.006410116329042926,1,156.0034090909091,5,0.006393794794888663,8.330497276280255,7.500154112916794,0.016501350638305472
倭,有备,0.006410116329042926,1,156.0034090909091,5,0.006393794794888663,8.330497276280255,7.500154112916794,0.016501350638305472
倭,有谓,0.006410116329042926,1,156.0034090909091,5,0.006393794794888663,8.330497276280255,7.500154112916794,0.016501350638305472
倭,棺殓,0.006410116329042926,1,156.0034090909091,5,0.006393794794888663,8.330497276280255,7.500154112916794,0.016501350638305472
倭,由御史,0.006410116329042926,1,156.0034090909091,5,0.006393794794888663,8.330497276280255,7.500154112916794,0.016501350638305472
倭,畏贼,0.006410116329042926,1,156.0034090909091,5,0.006393794794888663,8.330497276280255,7.500154112916794,0.016501350638305472
倭,碧蹄,0.006410116329042926,1,156.0034090909091,5,0.006393794794888663,8.330497276280255,7.500154112916794,0.016501350638305472
倭,窖,0.006410116329042926,1,156.0034090909091,5,0.006393794794888663,8.330497276280255,7.500154112916794,0.016501350638305472
倭,诸盗,0.006410116329042926,1,156.0034090909091,5,0.006393794794888663,8.330497276280255,7.500154112916794,0.016501350638305472
倭,陆路,0.006410116329042926,1,156.0034090909091,5,0.006393794794888663,8.330497276280255,7.500154112916794,0.016501350638305472
倭,黄盖,0.006410116329042926,1,156.0034090909091,5,0.006393794794888663,8.330497276280255,7.500154112916794,0.016501350638305472
倭,专攻,0.0076921395948515115,1,130.0028409090909,6,0.00766766737129343,7.93033821198321,7.492205359801304,0.018600926662443538
倭,丰后,0.0076921395948515115,1,130.0028409090909,6,0.00766766737129343,7.93033821198321,7.492205359801304,0.018600926662443538
倭,之日,0.0076921395948515115,1,130.0028409090909,6,0.00766766737129343,7.93033821198321,7.492205359801304,0.018600926662443538
倭,乌岭,0.0076921395948515115,1,130.0028409090909,6,0.00766766737129343,7.93033821198321,7.492205359801304,0.018600926662443538
倭,以于,0.0076921395948515115,1,130.0028409090909,6,0.00766766737129343,7.93033821198321,7.492205359801304,0.018600926662443538
倭,倭人,0.0076921395948515115,1,130.0028409090909,6,0.00766766737129343,7.93033821198321,7.492205359801304,0.018600926662443538
倭,六万余,0.0076921395948515115,1,130.0028409090909,6,0.00766766737129343,7.93033821198321,7.492205359801304,0.018600926662443538
倭,兵为,0.0076921395948515115,1,130.0028409090909,6,0.00766766737129343,7.93033821198321,7.492205359801304,0.018600926662443538
倭,再遣,0.0076921395948515115,1,130.0028409090909,6,0.00766766737129343,7.93033821198321,7.492205359801304,0.018600926662443538
倭,周于,0.0076921395948515115,1,130.0028409090909,6,0.00766766737129343,7.93033821198321,7.492205359801304,0.018600926662443538
倭,周如斗,0.0076921395948515115,1,130.0028409090909,6,0.00766766737129343,7.93033821198321,7.492205359801304,0.018600926662443538
倭,圌,0.0076921395948515115,1,130.0028409090909,6,0.00766766737129343,7.93033821198321,7.492205359801304,0.018600926662443538
倭,如雨,0.0076921395948515115,1,130.0028409090909,6,0.00766766737129343,7.93033821198321,7.492205359801304,0.018600926662443538
倭,宁德,0.0076921395948515115,1,130.0028409090909,6,0.00766766737129343,7.93033821198321,7.492205359801304,0.018600926662443538
倭,安枕,0.0076921395948515115,1,130.0028409090909,6,0.00766766737129343,7.93033821198321,7.492205359801304,0.018600926662443538
倭,峘,0.0076921395948515115,1,130.0028409090909,6,0.00766766737129343,7.93033821198321,7.492205359801304,0.018600926662443538
倭,已弃,0.0076921395948515115,1,130.0028409090909,6,0.00766766737129343,7.93033821198321,7.492205359801304,0.018600926662443538
倭,悉归,0.0076921395948515115,1,130.0028409090909,6,0.00766766737129343,7.93033821198321,7.492205359801304,0.018600926662443538
倭,探,0.0076921395948515115,1,130.0028409090909,6,0.00766766737129343,7.93033821198321,7.492205359801304,0.018600926662443538
倭,故时,0.0076921395948515115,1,130.0028409090909,6,0.00766766737129343,7.93033821198321,7.492205359801304,0.018600926662443538
倭,数百艘,0.0076921395948515115,1,130.0028409090909,6,0.00766766737129343,7.93033821198321,7.492205359801304,0.018600926662443538
倭,无城,0.0076921395948515115,1,130.0028409090909,6,0.00766766737129343,7.93033821198321,7.492205359801304,0.018600926662443538
倭,晬,0.0076921395948515115,1,130.0028409090909,6,0.00766766737129343,7.93033821198321,7.492205359801304,0.018600926662443538
倭,李用,0.0076921395948515115,1,130.0028409090909,6,0.00766766737129343,7.93033821198321,7.492205359801304,0.018600926662443538
倭,杨元,0.0076921395948515115,1,130.0028409090909,6,0.00766766737129343,7.93033821198321,7.492205359801304,0.018600926662443538
倭,电白,0.0076921395948515115,1,130.0028409090909,6,0.00766766737129343,7.93033821198321,7.492205359801304,0.018600926662443538
倭,白山,0.0076921395948515115,1,130.0028409090909,6,0.00766766737129343,7.93033821198321,7.492205359801304,0.018600926662443538
倭,重围,0.0076921395948515115,1,130.0028409090909,6,0.00766766737129343,7.93033821198321,7.492205359801304,0.018600926662443538
倭,首于,0.0076921395948515115,1,130.0028409090909,6,0.00766766737129343,7.93033821198321,7.492205359801304,0.018600926662443538
倭,麻叶,0.0076921395948515115,1,130.0028409090909,6,0.00766766737129343,7.93033821198321,7.492205359801304,0.018600926662443538
倭,为军,0.008974162860660096,1,111.4310064935065,7,0.008939916445516727,7.5979954876594915,7.484300161715957,0.02101693084373296
倭,以间,0.008974162860660096,1,111.4310064935065,7,0.008939916445516727,7.5979954876594915,7.484300161715957,0.02101693084373296
倭,匝月,0.008974162860660096,1,111.4310064935065,7,0.008939916445516727,7.5979954876594915,7.484300161715957,0.02101693084373296
倭,和亲,0.008974162860660096,1,111.4310064935065,7,0.008939916445516727,7.5979954876594915,7.484300161715957,0.02101693084373296
倭,城为,0.008974162860660096,1,111.4310064935065,7,0.008939916445516727,7.5979954876594915,7.484300161715957,0.02101693084373296
倭,奋前,0.008974162860660096,1,111.4310064935065,7,0.008939916445516727,7.5979954876594915,7.484300161715957,0.02101693084373296
倭,官谕,0.008974162860660096,1,111.4310064935065,7,0.008939916445516727,7.5979954876594915,7.484300161715957,0.02101693084373296
倭,小艇,0.008974162860660096,1,111.4310064935065,7,0.008939916445516727,7.5979954876594915,7.484300161715957,0.02101693084373296
倭,望海埚,0.008974162860660096,1,111.4310064935065,7,0.008939916445516727,7.5979954876594915,7.484300161715957,0.02101693084373296
倭,歙人,0.008974162860660096,1,111.4310064935065,7,0.008939916445516727,7.5979954876594915,7.484300161715957,0.02101693084373296
倭,母出,0.008974162860660096,1,111.4310064935065,7,0.008939916445516727,7.5979954876594915,7.484300161715957,0.02101693084373296
倭,泮,0.008974162860660096,1,111.4310064935065,7,0.008939916445516727,7.5979954876594915,7.484300161715957,0.02101693084373296
倭,至关,0.008974162860660096,1,111.4310064935065,7,0.008939916445516727,7.5979954876594915,7.484300161715957,0.02101693084373296
倭,通倭,0.008974162860660096,1,111.4310064935065,7,0.008939916445516727,7.5979954876594915,7.484300161715957,0.02101693084373296
倭,全罗,0.010256186126468681,1,97.50213068181819,8,0.010210543382791593,7.313852607454329,7.476438043942987,0.02332549928259634
倭,尽归,0.010256186126468681,1,97.50213068181819,8,0.010210543382791593,7.313852607454329,7.476438043942987,0.02332549928259634
倭,岛上,0.010256186126468681,1,97.50213068181819,8,0.010210543382791593,7.313852607454329,7.476438043942987,0.02332549928259634
倭,惟是,0.010256186126468681,1,97.50213068181819,8,0.010210543382791593,7.313852607454329,7.476438043942987,0.02332549928259634
倭,教士,0.010256186126468681,1,97.50213068181819,8,0.010210543382791593,7.313852607454329,7.476438043942987,0.02332549928259634
倭,殃民,0.010256186126468681,1,97.50213068181819,8,0.010210543382791593,7.313852607454329,7.476438043942987,0.02332549928259634
倭,水路,0.010256186126468681,1,97.50213068181819,8,0.010210543382791593,7.313852607454329,7.476438043942987,0.02332549928259634
倭,疑兵,0.010256186126468681,1,97.50213068181819,8,0.010210543382791593,7.313852607454329,7.476438043942987,0.02332549928259634
倭,登陆,0.010256186126468681,1,97.50213068181819,8,0.010210543382791593,7.313852607454329,7.476438043942987,0.02332549928259634
倭,石为,0.010256186126468681,1,97.50213068181819,8,0.010210543382791593,7.313852607454329,7.476438043942987,0.02332549928259634
倭,窟穴,0.010256186126468681,1,97.50213068181819,8,0.010210543382791593,7.313852607454329,7.476438043942987,0.02332549928259634
倭,结营,0.010256186126468681,1,97.50213068181819,8,0.010210543382791593,7.313852607454329,7.476438043942987,0.02332549928259634
倭,蚕,0.010256186126468681,1,97.50213068181819,8,0.010210543382791593,7.313852607454329,7.476438043942987,0.02332549928259634
倭,阊,0.010256186126468681,1,97.50213068181819,8,0.010210543382791593,7.313852607454329,7.476438043942987,0.02332549928259634
倭,陈东,0.010256186126468681,1,97.50213068181819,8,0.010210543382791593,7.313852607454329,7.476438043942987,0.02332549928259634
倭,总兵官,1.1909996139361756,6,5.037785008317839,929,0.0013534756380432222,9.94426202698997,7.475131846442363,0.0059728464163477345
倭,乡导,0.011538209392277267,1,86.66856060606061,9,0.011479550009622752,7.065748724907531,7.468618539483688,0.025243296194629623
倭,决意,0.011538209392277267,1,86.66856060606061,9,0.011479550009622752,7.065748724907531,7.468618539483688,0.025243296194629623
倭,剿除,0.011538209392277267,1,86.66856060606061,9,0.011479550009622752,7.065748724907531,7.468618539483688,0.025243296194629623
倭,同为,0.011538209392277267,1,86.66856060606061,9,0.011479550009622752,7.065748724907531,7.468618539483688,0.025243296194629623
倭,因进,0.011538209392277267,1,86.66856060606061,9,0.011479550009622752,7.065748724907531,7.468618539483688,0.025243296194629623
倭,国内,0.011538209392277267,1,86.66856060606061,9,0.011479550009622752,7.065748724907531,7.468618539483688,0.025243296194629623
倭,垍,0.011538209392277267,1,86.66856060606061,9,0.011479550009622752,7.065748724907531,7.468618539483688,0.025243296194629623
倭,夺气,0.011538209392277267,1,86.66856060606061,9,0.011479550009622752,7.065748724907531,7.468618539483688,0.025243296194629623
倭,引军,0.011538209392277267,1,86.66856060606061,9,0.011479550009622752,7.065748724907531,7.468618539483688,0.025243296194629623
倭,曹邦辅,0.011538209392277267,1,86.66856060606061,9,0.011479550009622752,7.065748724907531,7.468618539483688,0.025243296194629623
倭,束手,0.011538209392277267,1,86.66856060606061,9,0.011479550009622752,7.065748724907531,7.468618539483688,0.025243296194629623
倭,苏松,0.011538209392277267,1,86.66856060606061,9,0.011479550009622752,7.065748724907531,7.468618539483688,0.025243296194629623
倭,设防,0.011538209392277267,1,86.66856060606061,9,0.011479550009622752,7.065748724907531,7.468618539483688,0.025243296194629623
倭,请量,0.011538209392277267,1,86.66856060606061,9,0.011479550009622752,7.065748724907531,7.468618539483688,0.025243296194629623
倭,诸峒,0.011538209392277267,1,86.66856060606061,9,0.011479550009622752,7.065748724907531,7.468618539483688,0.025243296194629623
倭,迭,0.011538209392277267,1,86.66856060606061,9,0.011479550009622752,7.065748724907531,7.468618539483688,0.025243296194629623
倭,通款,0.011538209392277267,1,86.66856060606061,9,0.011479550009622752,7.065748724907531,7.468618539483688,0.025243296194629623
倭,鹾,0.011538209392277267,1,86.66856060606061,9,0.011479550009622752,7.065748724907531,7.468618539483688,0.025243296194629623
倭,患,0.2499945368326741,2,8.000174825174826,195,0.026300399232216165,4.851121277099082,7.464724623379197,0.045463716529875346
倭,一线,0.012820232658085852,1,78.00170454545454,10,0.012746939070553576,6.845618263321784,7.460841188891969,0.026931033036316623
倭,之使,0.012820232658085852,1,78.00170454545454,10,0.012746939070553576,6.845618263321784,7.460841188891969,0.026931033036316623
倭,之误,0.012820232658085852,1,78.00170454545454,10,0.012746939070553576,6.845618263321784,7.460841188891969,0.026931033036316623
倭,伏发,0.012820232658085852,1,78.00170454545454,10,0.012746939070553576,6.845618263321784,7.460841188891969,0.026931033036316623
倭,军锋,0.012820232658085852,1,78.00170454545454,10,0.012746939070553576,6.845618263321784,7.460841188891969,0.026931033036316623
倭,分统,0.012820232658085852,1,78.00170454545454,10,0.012746939070553576,6.845618263321784,7.460841188891969,0.026931033036316623
倭,单弱,0.012820232658085852,1,78.00170454545454,10,0.012746939070553576,6.845618263321784,7.460841188891969,0.026931033036316623
倭,固城,0.012820232658085852,1,78.00170454545454,10,0.012746939070553576,6.845618263321784,7.460841188891969,0.026931033036316623
倭,大利,0.012820232658085852,1,78.00170454545454,10,0.012746939070553576,6.845618263321784,7.460841188891969,0.026931033036316623
倭,女直,0.012820232658085852,1,78.00170454545454,10,0.012746939070553576,6.845618263321784,7.460841188891969,0.026931033036316623
倭,如柏,0.012820232658085852,1,78.00170454545454,10,0.012746939070553576,6.845618263321784,7.460841188891969,0.026931033036316623
倭,所袭,0.012820232658085852,1,78.00170454545454,10,0.012746939070553576,6.845618263321784,7.460841188891969,0.026931033036316623
倭,汤克宽,0.012820232658085852,1,78.00170454545454,10,0.012746939070553576,6.845618263321784,7.460841188891969,0.026931033036316623
倭,状闻,0.012820232658085852,1,78.00170454545454,10,0.012746939070553576,6.845618263321784,7.460841188891969,0.026931033036316623
倭,疏称,0.012820232658085852,1,78.00170454545454,10,0.012746939070553576,6.845618263321784,7.460841188891969,0.026931033036316623
倭,盘踞,0.012820232658085852,1,78.00170454545454,10,0.012746939070553576,6.845618263321784,7.460841188891969,0.026931033036316623
倭,相戒,0.012820232658085852,1,78.00170454545454,10,0.012746939070553576,6.845618263321784,7.460841188891969,0.026931033036316623
倭,神祠,0.012820232658085852,1,78.00170454545454,10,0.012746939070553576,6.845618263321784,7.460841188891969,0.026931033036316623
倭,遏其,0.012820232658085852,1,78.00170454545454,10,0.012746939070553576,6.845618263321784,7.460841188891969,0.026931033036316623
倭,分掠,0.014102255923894438,1,70.91064049586777,11,0.014012713303999225,6.647834889142099,7.453105540112364,0.029176229149872782
倭,南澳,0.014102255923894438,1,70.91064049586777,11,0.014012713303999225,6.647834889142099,7.453105540112364,0.029176229149872782
倭,如约,0.014102255923894438,1,70.91064049586777,11,0.014012713303999225,6.647834889142099,7.453105540112364,0.029176229149872782
倭,息肩,0.014102255923894438,1,70.91064049586777,11,0.014012713303999225,6.647834889142099,7.453105540112364,0.029176229149872782
倭,搜得,0.014102255923894438,1,70.91064049586777,11,0.014012713303999225,6.647834889142099,7.453105540112364,0.029176229149872782
倭,羽书,0.014102255923894438,1,70.91064049586777,11,0.014012713303999225,6.647834889142099,7.453105540112364,0.029176229149872782
倭,遗党,0.014102255923894438,1,70.91064049586777,11,0.014012713303999225,6.647834889142099,7.453105540112364,0.029176229149872782
倭,陶宅,0.014102255923894438,1,70.91064049586777,11,0.014012713303999225,6.647834889142099,7.453105540112364,0.029176229149872782
倭,黄梅,0.014102255923894438,1,70.91064049586777,11,0.014012713303999225,6.647834889142099,7.453105540112364,0.029176229149872782
倭,仰攻,0.015384279189703023,1,65.00142045454545,12,0.015276872690976662,6.468316755759111,7.445411148322362,0.03125474112252029
倭,吴桂芳,0.015384279189703023,1,65.00142045454545,12,0.015276872690976662,6.468316755759111,7.445411148322362,0.03125474112252029
倭,悉令,0.015384279189703023,1,65.00142045454545,12,0.015276872690976662,6.468316755759111,7.445411148322362,0.03125474112252029
倭,战且,0.015384279189703023,1,65.00142045454545,12,0.015276872690976662,6.468316755759111,7.445411148322362,0.03125474112252029
倭,杂居,0.015384279189703023,1,65.00142045454545,12,0.015276872690976662,6.468316755759111,7.445411148322362,0.03125474112252029
倭,福安,0.015384279189703023,1,65.00142045454545,12,0.015276872690976662,6.468316755759111,7.445411148322362,0.03125474112252029
倭,莆田,0.015384279189703023,1,65.00142045454545,12,0.015276872690976662,6.468316755759111,7.445411148322362,0.03125474112252029
倭,获全,0.015384279189703023,1,65.00142045454545,12,0.015276872690976662,6.468316755759111,7.445411148322362,0.03125474112252029
倭,进逼,0.015384279189703023,1,65.00142045454545,12,0.015276872690976662,6.468316755759111,7.445411148322362,0.03125474112252029
倭,分番,0.01666630245551161,1,60.00131118881119,13,0.01653942065520997,6.3040079869087,7.437757575778927,0.03269949679997934
倭,唐人,0.01666630245551161,1,60.00131118881119,13,0.01653942065520997,6.3040079869087,7.437757575778927,0.03269949679997934
倭,因列,0.01666630245551161,1,60.00131118881119,13,0.01653942065520997,6.3040079869087,7.437757575778927,0.03269949679997934
倭,失机,0.01666630245551161,1,60.00131118881119,13,0.01653942065520997,6.3040079869087,7.437757575778927,0.03269949679997934
倭,山险,0.01666630245551161,1,60.00131118881119,13,0.01653942065520997,6.3040079869087,7.437757575778927,0.03269949679997934
倭,巨盗,0.01666630245551161,1,60.00131118881119,13,0.01653942065520997,6.3040079869087,7.437757575778927,0.03269949679997934
倭,平秀吉,0.01666630245551161,1,60.00131118881119,13,0.01653942065520997,6.3040079869087,7.437757575778927,0.03269949679997934
倭,延及,0.01666630245551161,1,60.00131118881119,13,0.01653942065520997,6.3040079869087,7.437757575778927,0.03269949679997934
倭,徐海,0.01666630245551161,1,60.00131118881119,13,0.01653942065520997,6.3040079869087,7.437757575778927,0.03269949679997934
倭,无一人,0.01666630245551161,1,60.00131118881119,13,0.01653942065520997,6.3040079869087,7.437757575778927,0.03269949679997934
倭,未易,0.01666630245551161,1,60.00131118881119,13,0.01653942065520997,6.3040079869087,7.437757575778927,0.03269949679997934
倭,格斗,0.01666630245551161,1,60.00131118881119,13,0.01653942065520997,6.3040079869087,7.437757575778927,0.03269949679997934
倭,梅花,0.01666630245551161,1,60.00131118881119,13,0.01653942065520997,6.3040079869087,7.437757575778927,0.03269949679997934
倭,泊,0.01666630245551161,1,60.00131118881119,13,0.01653942065520997,6.3040079869087,7.437757575778927,0.03269949679997934
倭,猝遇,0.01666630245551161,1,60.00131118881119,13,0.01653942065520997,6.3040079869087,7.437757575778927,0.03269949679997934
倭,王江泾,0.01666630245551161,1,60.00131118881119,13,0.01653942065520997,6.3040079869087,7.437757575778927,0.03269949679997934
倭,甚严,0.01666630245551161,1,60.00131118881119,13,0.01653942065520997,6.3040079869087,7.437757575778927,0.03269949679997934
倭,糜饷,0.01666630245551161,1,60.00131118881119,13,0.01653942065520997,6.3040079869087,7.437757575778927,0.03269949679997934
倭,衷,0.01666630245551161,1,60.00131118881119,13,0.01653942065520997,6.3040079869087,7.437757575778927,0.03269949679997934
倭,连岁,0.01666630245551161,1,60.00131118881119,13,0.01653942065520997,6.3040079869087,7.437757575778927,0.03269949679997934
倭,黄流,0.01666630245551161,1,60.00131118881119,13,0.01653942065520997,6.3040079869087,7.437757575778927,0.03269949679997934
倭,龙岩,0.01666630245551161,1,60.00131118881119,13,0.01653942065520997,6.3040079869087,7.437757575778927,0.03269949679997934
倭,冲击,0.017948325721320192,1,55.71550324675325,14,0.017800359696043988,6.152561106268148,7.430144391669052,0.03455835598646378
倭,制,0.2615327462249514,2,7.647225935828877,204,0.02857686886854216,4.692590362363951,7.430144391669052,0.04811183782164715
倭,南路,0.017948325721320192,1,55.71550324675325,14,0.017800359696043988,6.152561106268148,7.430144391669052,0.03455835598646378
倭,宜,0.5051171667285825,3,5.939216082141209,394,0.014540071323728365,5.751231872617464,7.430144391669052,0.030177066166261274
倭,广济,0.017948325721320192,1,55.71550324675325,14,0.017800359696043988,6.152561106268148,7.430144391669052,0.03455835598646378
倭,柩,0.017948325721320192,1,55.71550324675325,14,0.017800359696043988,6.152561106268148,7.430144391669052,0.03455835598646378
倭,横山,0.017948325721320192,1,55.71550324675325,14,0.017800359696043988,6.152561106268148,7.430144391669052,0.03455835598646378
倭,濒海,0.017948325721320192,1,55.71550324675325,14,0.017800359696043988,6.152561106268148,7.430144391669052,0.03455835598646378
倭,络绎,0.017948325721320192,1,55.71550324675325,14,0.017800359696043988,6.152561106268148,7.430144391669052,0.03455835598646378
倭,西北边,0.017948325721320192,1,55.71550324675325,14,0.017800359696043988,6.152561106268148,7.430144391669052,0.03455835598646378
倭,货物,0.017948325721320192,1,55.71550324675325,14,0.017800359696043988,6.152561106268148,7.430144391669052,0.03455835598646378
倭,屯,0.26281476949075994,2,7.609922394678493,205,0.028834533878750457,4.675474448868561,7.426352812506678,0.048262119112307385
倭,坟墓,0.01923034898712878,1,52.00113636363636,15,0.019059691165940085,6.012133611704591,7.422571171964251,0.03645588857627297
倭,士兵,0.01923034898712878,1,52.00113636363636,15,0.019059691165940085,6.012133611704591,7.422571171964251,0.03645588857627297
倭,所逐,0.01923034898712878,1,52.00113636363636,15,0.019059691165940085,6.012133611704591,7.422571171964251,0.03645588857627297
倭,日数,0.01923034898712878,1,52.00113636363636,15,0.019059691165940085,6.012133611704591,7.422571171964251,0.03645588857627297
倭,旦暮,0.01923034898712878,1,52.00113636363636,15,0.019059691165940085,6.012133611704591,7.422571171964251,0.03645588857627297
倭,松溪,0.01923034898712878,1,52.00113636363636,15,0.019059691165940085,6.012133611704591,7.422571171964251,0.03645588857627297
倭,金州,0.01923034898712878,1,52.00113636363636,15,0.019059691165940085,6.012133611704591,7.422571171964251,0.03645588857627297
倭,𦶟,0.01923034898712878,1,52.00113636363636,15,0.019059691165940085,6.012133611704591,7.422571171964251,0.03645588857627297
倭,为界,0.020512372252937363,1,48.75106534090909,16,0.020317416646410513,5.881252729596464,7.415037499278844,0.03785363072594927
倭,亦不得,0.020512372252937363,1,48.75106534090909,16,0.020317416646410513,5.881252729596464,7.415037499278844,0.03785363072594927
倭,众多,0.020512372252937363,1,48.75106534090909,16,0.020317416646410513,5.881252729596464,7.415037499278844,0.03785363072594927
倭,八道,0.020512372252937363,1,48.75106534090909,16,0.020317416646410513,5.881252729596464,7.415037499278844,0.03785363072594927
倭,同安,0.020512372252937363,1,48.75106534090909,16,0.020317416646410513,5.881252729596464,7.415037499278844,0.03785363072594927
倭,坚壁,0.020512372252937363,1,48.75106534090909,16,0.020317416646410513,5.881252729596464,7.415037499278844,0.03785363072594927
倭,大田,0.020512372252937363,1,48.75106534090909,16,0.020317416646410513,5.881252729596464,7.415037499278844,0.03785363072594927
倭,我军,0.020512372252937363,1,48.75106534090909,16,0.020317416646410513,5.881252729596464,7.415037499278844,0.03785363072594927
倭,步兵,0.020512372252937363,1,48.75106534090909,16,0.020317416646410513,5.881252729596464,7.415037499278844,0.03785363072594927
倭,渡海,0.020512372252937363,1,48.75106534090909,16,0.020317416646410513,5.881252729596464,7.415037499278844,0.03785363072594927
倭,煽,0.020512372252937363,1,48.75106534090909,16,0.020317416646410513,5.881252729596464,7.415037499278844,0.03785363072594927
倭,输粮,0.020512372252937363,1,48.75106534090909,16,0.020317416646410513,5.881252729596464,7.415037499278844,0.03785363072594927
倭,遁走,0.020512372252937363,1,48.75106534090909,16,0.020317416646410513,5.881252729596464,7.415037499278844,0.03785363072594927
倭,黄岩,0.020512372252937363,1,48.75106534090909,16,0.020317416646410513,5.881252729596464,7.415037499278844,0.03785363072594927
倭,刍粮,0.021794395518745947,1,45.88335561497327,17,0.021573539085584903,5.758722633297662,7.407542962731919,0.03939913282155548
倭,厌,0.021794395518745947,1,45.88335561497327,17,0.021573539085584903,5.758722633297662,7.407542962731919,0.03939913282155548
倭,囊,0.021794395518745947,1,45.88335561497327,17,0.021573539085584903,5.758722633297662,7.407542962731919,0.03939913282155548
倭,困于,0.021794395518745947,1,45.88335561497327,17,0.021573539085584903,5.758722633297662,7.407542962731919,0.03939913282155548
倭,地图,0.021794395518745947,1,45.88335561497327,17,0.021573539085584903,5.758722633297662,7.407542962731919,0.03939913282155548
倭,复兴,0.021794395518745947,1,45.88335561497327,17,0.021573539085584903,5.758722633297662,7.407542962731919,0.03939913282155548
倭,宝山,0.021794395518745947,1,45.88335561497327,17,0.021573539085584903,5.758722633297662,7.407542962731919,0.03939913282155548
倭,溃围,0.021794395518745947,1,45.88335561497327,17,0.021573539085584903,5.758722633297662,7.407542962731919,0.03939913282155548
倭,终明之,0.021794395518745947,1,45.88335561497327,17,0.021573539085584903,5.758722633297662,7.407542962731919,0.03939913282155548
倭,铜山,0.021794395518745947,1,45.88335561497327,17,0.021573539085584903,5.758722633297662,7.407542962731919,0.03939913282155548
倭,驰援,0.021794395518745947,1,45.88335561497327,17,0.021573539085584903,5.758722633297662,7.407542962731919,0.03939913282155548
倭,中山王,0.023076418784554534,1,43.334280303030305,18,0.02282805983174152,5.643559063009906,7.400087157812872,0.04082528542523069
倭,久留,0.023076418784554534,1,43.334280303030305,18,0.02282805983174152,5.643559063009906,7.400087157812872,0.04082528542523069
倭,乍浦,0.023076418784554534,1,43.334280303030305,18,0.02282805983174152,5.643559063009906,7.400087157812872,0.04082528542523069
倭,以身,0.023076418784554534,1,43.334280303030305,18,0.02282805983174152,5.643559063009906,7.400087157812872,0.04082528542523069
倭,休,0.023076418784554534,1,43.334280303030305,18,0.02282805983174152,5.643559063009906,7.400087157812872,0.04082528542523069
倭,倭于,0.023076418784554534,1,43.334280303030305,18,0.02282805983174152,5.643559063009906,7.400087157812872,0.04082528542523069
倭,召问,0.023076418784554534,1,43.334280303030305,18,0.02282805983174152,5.643559063009906,7.400087157812872,0.04082528542523069
倭,因上,0.023076418784554534,1,43.334280303030305,18,0.02282805983174152,5.643559063009906,7.400087157812872,0.04082528542523069
倭,尚存,0.023076418784554534,1,43.334280303030305,18,0.02282805983174152,5.643559063009906,7.400087157812872,0.04082528542523069
倭,浙兵,0.023076418784554534,1,43.334280303030305,18,0.02282805983174152,5.643559063009906,7.400087157812872,0.04082528542523069
倭,漕艘,0.023076418784554534,1,43.334280303030305,18,0.02282805983174152,5.643559063009906,7.400087157812872,0.04082528542523069
倭,盈,0.023076418784554534,1,43.334280303030305,18,0.02282805983174152,5.643559063009906,7.400087157812872,0.04082528542523069
倭,诱之,0.023076418784554534,1,43.334280303030305,18,0.02282805983174152,5.643559063009906,7.400087157812872,0.04082528542523069
倭,以善,0.024358442050363117,1,41.053528708133975,19,0.02408098137022141,5.53494217379772,7.39266968625039,0.04242058434836006
倭,大安,0.024358442050363117,1,41.053528708133975,19,0.02408098137022141,5.53494217379772,7.39266968625039,0.04242058434836006
倭,如虎,0.024358442050363117,1,41.053528708133975,19,0.02408098137022141,5.53494217379772,7.39266968625039,0.04242058434836006
倭,尤为,0.024358442050363117,1,41.053528708133975,19,0.02408098137022141,5.53494217379772,7.39266968625039,0.04242058434836006
倭,市易,0.024358442050363117,1,41.053528708133975,19,0.02408098137022141,5.53494217379772,7.39266968625039,0.04242058434836006
倭,慈溪,0.024358442050363117,1,41.053528708133975,19,0.02408098137022141,5.53494217379772,7.39266968625039,0.04242058434836006
倭,有如,0.024358442050363117,1,41.053528708133975,19,0.02408098137022141,5.53494217379772,7.39266968625039,0.04242058434836006
倭,滶,0.024358442050363117,1,41.053528708133975,19,0.02408098137022141,5.53494217379772,7.39266968625039,0.04242058434836006
倭,澳,0.024358442050363117,1,41.053528708133975,19,0.02408098137022141,5.53494217379772,7.39266968625039,0.04242058434836006
倭,再犯,0.025640465316171705,1,39.00085227272727,20,0.025332305500676888,5.4321818310804,7.385290155884792,0.044084348603465974
倭,坠马,0.025640465316171705,1,39.00085227272727,20,0.025332305500676888,5.4321818310804,7.385290155884792,0.044084348603465974
倭,山口,0.025640465316171705,1,39.00085227272727,20,0.025332305500676888,5.4321818310804,7.385290155884792,0.044084348603465974
倭,数败,0.025640465316171705,1,39.00085227272727,20,0.025332305500676888,5.4321818310804,7.385290155884792,0.044084348603465974
倭,李如松,0.025640465316171705,1,39.00085227272727,20,0.025332305500676888,5.4321818310804,7.385290155884792,0.044084348603465974
倭,纾,0.025640465316171705,1,39.00085227272727,20,0.025332305500676888,5.4321818310804,7.385290155884792,0.044084348603465974
倭,翌日,0.025640465316171705,1,39.00085227272727,20,0.025332305500676888,5.4321818310804,7.385290155884792,0.044084348603465974
倭,鸭绿江,0.025640465316171705,1,39.00085227272727,20,0.025332305500676888,5.4321818310804,7.385290155884792,0.044084348603465974
倭,麻贵,0.025640465316171705,1,39.00085227272727,20,0.025332305500676888,5.4321818310804,7.385290155884792,0.044084348603465974
倭,之战,0.026922488581980288,1,37.14366883116883,21,0.026582033794729898,5.334691608362703,7.377948180543624,0.045463716529875346
倭,以平,0.026922488581980288,1,37.14366883116883,21,0.026582033794729898,5.334691608362703,7.377948180543624,0.045463716529875346
倭,几尽,0.026922488581980288,1,37.14366883116883,21,0.026582033794729898,5.334691608362703,7.377948180543624,0.045463716529875346
倭,北边,0.026922488581980288,1,37.14366883116883,21,0.026582033794729898,5.334691608362703,7.377948180543624,0.045463716529875346
倭,复犯,0.026922488581980288,1,37.14366883116883,21,0.026582033794729898,5.334691608362703,7.377948180543624,0.045463716529875346
倭,庆州,0.026922488581980288,1,37.14366883116883,21,0.026582033794729898,5.334691608362703,7.377948180543624,0.045463716529875346
倭,无礼,0.026922488581980288,1,37.14366883116883,21,0.026582033794729898,5.334691608362703,7.377948180543624,0.045463716529875346
倭,未备,0.026922488581980288,1,37.14366883116883,21,0.026582033794729898,5.334691608362703,7.377948180543624,0.045463716529875346
倭,衄,0.026922488581980288,1,37.14366883116883,21,0.026582033794729898,5.334691608362703,7.377948180543624,0.045463716529875346
倭,鏖战,0.026922488581980288,1,37.14366883116883,21,0.026582033794729898,5.334691608362703,7.377948180543624,0.045463716529875346
倭,面议,0.026922488581980288,1,37.14366883116883,21,0.026582033794729898,5.334691608362703,7.377948180543624,0.045463716529875346
倭,擒,0.5333216785763715,3,5.625122923951048,416,0.016777124584183345,5.479658479291499,7.375509135092207,0.03306832635266626
倭,惧,0.28076309521208015,2,7.123443337484433,219,0.03253868605661714,4.445538383904097,7.374291156935535,0.05256408374839391
倭,剿捕,0.028204511847788875,1,35.455320247933884,22,0.02783016918188097,5.24196899149402,7.3706433799203905,0.04691578716058943
倭,我兵,0.028204511847788875,1,35.455320247933884,22,0.02783016918188097,5.24196899149402,7.3706433799203905,0.04691578716058943
倭,报功,0.028204511847788875,1,35.455320247933884,22,0.02783016918188097,5.24196899149402,7.3706433799203905,0.04691578716058943
倭,无几,0.028204511847788875,1,35.455320247933884,22,0.02783016918188097,5.24196899149402,7.3706433799203905,0.04691578716058943
倭,海门,0.028204511847788875,1,35.455320247933884,22,0.02783016918188097,5.24196899149402,7.3706433799203905,0.04691578716058943
倭,番禺,0.028204511847788875,1,35.455320247933884,22,0.02783016918188097,5.24196899149402,7.3706433799203905,0.04691578716058943
倭,破格,0.028204511847788875,1,35.455320247933884,22,0.02783016918188097,5.24196899149402,7.3706433799203905,0.04691578716058943
倭,禁锢,0.028204511847788875,1,35.455320247933884,22,0.02783016918188097,5.24196899149402,7.3706433799203905,0.04691578716058943
倭,老营,0.028204511847788875,1,35.455320247933884,22,0.02783016918188097,5.24196899149402,7.3706433799203905,0.04691578716058943
倭,踵至,0.028204511847788875,1,35.455320247933884,22,0.02783016918188097,5.24196899149402,7.3706433799203905,0.04691578716058943
倭,飏,0.028204511847788875,1,35.455320247933884,22,0.02783016918188097,5.24196899149402,7.3706433799203905,0.04691578716058943
倭,乃用,0.02948653511359746,1,33.913784584980235,23,0.02907671368019138,5.153580092809412,7.363375379456351,0.048262119112307385
倭,之患,0.02948653511359746,1,33.913784584980235,23,0.02907671368019138,5.153580092809412,7.363375379456351,0.048262119112307385
倭,以分,0.02948653511359746,1,33.913784584980235,23,0.02907671368019138,5.153580092809412,7.363375379456351,0.048262119112307385
倭,儆,0.02948653511359746,1,33.913784584980235,23,0.02907671368019138,5.153580092809412,7.363375379456351,0.048262119112307385
倭,惠安,0.02948653511359746,1,33.913784584980235,23,0.02907671368019138,5.153580092809412,7.363375379456351,0.048262119112307385
倭,搏战,0.02948653511359746,1,33.913784584980235,23,0.02907671368019138,5.153580092809412,7.363375379456351,0.048262119112307385
倭,殊死战,0.02948653511359746,1,33.913784584980235,23,0.02907671368019138,5.153580092809412,7.363375379456351,0.048262119112307385
倭,浡,0.02948653511359746,1,33.913784584980235,23,0.02907671368019138,5.153580092809412,7.363375379456351,0.048262119112307385
倭,溧水,0.02948653511359746,1,33.913784584980235,23,0.02907671368019138,5.153580092809412,7.363375379456351,0.048262119112307385
倭,阅月,0.02948653511359746,1,33.913784584980235,23,0.02907671368019138,5.153580092809412,7.363375379456351,0.048262119112307385
倭,一官,0.030768558379406046,1,32.50071022727273,24,0.030321668176326866,5.069147695291294,7.356143810225276,0.04950242039392757
倭,倭患,0.030768558379406046,1,32.50071022727273,24,0.030321668176326866,5.069147695291294,7.356143810225276,0.04950242039392757
倭,元勋,0.030768558379406046,1,32.50071022727273,24,0.030321668176326866,5.069147695291294,7.356143810225276,0.04950242039392757
倭,合兵,0.030768558379406046,1,32.50071022727273,24,0.030321668176326866,5.069147695291294,7.356143810225276,0.04950242039392757
倭,善后,0.030768558379406046,1,32.50071022727273,24,0.030321668176326866,5.069147695291294,7.356143810225276,0.04950242039392757
倭,四十万,0.030768558379406046,1,32.50071022727273,24,0.030321668176326866,5.069147695291294,7.356143810225276,0.04950242039392757
倭,复合,0.030768558379406046,1,32.50071022727273,24,0.030321668176326866,5.069147695291294,7.356143810225276,0.04950242039392757
倭,极刑,0.030768558379406046,1,32.50071022727273,24,0.030321668176326866,5.069147695291294,7.356143810225276,0.04950242039392757
倭,泛海,0.030768558379406046,1,32.50071022727273,24,0.030321668176326866,5.069147695291294,7.356143810225276,0.04950242039392757
倭,海中,0.030768558379406046,1,32.50071022727273,24,0.030321668176326866,5.069147695291294,7.356143810225276,0.04950242039392757
倭,溧阳,0.030768558379406046,1,32.50071022727273,24,0.030321668176326866,5.069147695291294,7.356143810225276,0.04950242039392757
倭,粤,0.030768558379406046,1,32.50071022727273,24,0.030321668176326866,5.069147695291294,7.356143810225276,0.04950242039392757
倭,休息,0.032050581645214626,1,31.20068181818182,25,0.03156503558953727,4.988341792631584,7.348948308821071,0.05108083982136632
倭,余姚,0.032050581645214626,1,31.20068181818182,25,0.03156503558953727,4.988341792631584,7.348948308821071,0.05108083982136632
倭,傍,0.032050581645214626,1,31.20068181818182,25,0.03156503558953727,4.988341792631584,7.348948308821071,0.05108083982136632
倭,屈,0.032050581645214626,1,31.20068181818182,25,0.03156503558953727,4.988341792631584,7.348948308821071,0.05108083982136632
倭,数重,0.032050581645214626,1,31.20068181818182,25,0.03156503558953727,4.988341792631584,7.348948308821071,0.05108083982136632
倭,蓟门,0.032050581645214626,1,31.20068181818182,25,0.03156503558953727,4.988341792631584,7.348948308821071,0.05108083982136632
倭,通,0.28973725807274026,2,6.902805711987128,226,0.03445707590053326,4.33690063131062,7.348948308821071,0.05486822554112008
倭,支河,0.03333260491102322,1,30.000655594405593,26,0.03280681793113216,4.910872024282884,7.341788517248205,0.05256408374839391
倭,时来,0.03333260491102322,1,30.000655594405593,26,0.03280681793113216,4.910872024282884,7.341788517248205,0.05256408374839391
倭,池,0.03333260491102322,1,30.000655594405593,26,0.03280681793113216,4.910872024282884,7.341788517248205,0.05256408374839391
倭,特设,0.03333260491102322,1,30.000655594405593,26,0.03280681793113216,4.910872024282884,7.341788517248205,0.05256408374839391
倭,踞,0.03333260491102322,1,30.000655594405593,26,0.03280681793113216,4.910872024282884,7.341788517248205,0.05256408374839391
倭,避难,0.03333260491102322,1,30.000655594405593,26,0.03280681793113216,4.910872024282884,7.341788517248205,0.05256408374839391
倭,𪿫,0.03333260491102322,1,30.000655594405593,26,0.03280681793113216,4.910872024282884,7.341788517248205,0.05256408374839391
倭,当是,0.293583327870166,2,6.812375942834458,229,0.03529245222932509,4.291541571565033,7.338221902228013,0.055650171625021144
倭,东南,1.075617520013403,5,4.6484925235670165,839,0.004752106298654635,7.6238946556475895,7.3346640828148235,0.014125226308414812
倭,乃为,0.0346146281768318,1,28.8895202020202,27,0.03404701698498436,4.836481568146186,7.3346640828148235,0.05428211215978394
倭,二千人,0.0346146281768318,1,28.8895202020202,27,0.03404701698498436,4.836481568146186,7.3346640828148235,0.05428211215978394
倭,王师,0.0346146281768318,1,28.8895202020202,27,0.03404701698498436,4.836481568146186,7.3346640828148235,0.05428211215978394
倭,蹑,0.0346146281768318,1,28.8895202020202,27,0.03404701698498436,4.836481568146186,7.3346640828148235,0.05428211215978394
倭,为害,0.035896651442640384,1,27.857751623376625,28,0.03528563498281878,4.764942165582564,7.327574658028505,0.055650171625021144
倭,之败,0.035896651442640384,1,27.857751623376625,28,0.03528563498281878,4.764942165582564,7.327574658028505,0.055650171625021144
倭,备御,0.035896651442640384,1,27.857751623376625,28,0.03528563498281878,4.764942165582564,7.327574658028505,0.055650171625021144
倭,巡捕,0.035896651442640384,1,27.857751623376625,28,0.03528563498281878,4.764942165582564,7.327574658028505,0.055650171625021144
倭,平壤,0.035896651442640384,1,27.857751623376625,28,0.03528563498281878,4.764942165582564,7.327574658028505,0.055650171625021144
倭,海防,0.035896651442640384,1,27.857751623376625,28,0.03528563498281878,4.764942165582564,7.327574658028505,0.055650171625021144
倭,降人,0.035896651442640384,1,27.857751623376625,28,0.03528563498281878,4.764942165582564,7.327574658028505,0.055650171625021144
倭,先入,0.03717867470844897,1,26.897139498432605,29,0.03652267325537184,4.696050036217953,7.320519900494554,0.05717169070120555
倭,古田,0.03717867470844897,1,26.897139498432605,29,0.03652267325537184,4.696050036217953,7.320519900494554,0.05717169070120555
倭,寻擢,0.03717867470844897,1,26.897139498432605,29,0.03652267325537184,4.696050036217953,7.320519900494554,0.05717169070120555
倭,府库,0.03717867470844897,1,26.897139498432605,29,0.03652267325537184,4.696050036217953,7.320519900494554,0.05717169070120555
倭,战舰,0.03717867470844897,1,26.897139498432605,29,0.03652267325537184,4.696050036217953,7.320519900494554,0.05717169070120555
倭,扰,0.03717867470844897,1,26.897139498432605,29,0.03652267325537184,4.696050036217953,7.320519900494554,0.05717169070120555
倭,三百,0.30127546746501754,2,6.638442940038684,235,0.036986593781462074,4.202883860600204,7.317005416318318,0.05782789088201991
倭,被,2.1499530167609975,9,4.18613798991706,1677,0.00034897698480651496,12.373844008037548,7.314277835415046,0.005676904391478231
倭,之禁,0.03846069797425756,1,26.00056818181818,30,0.03775813470258238,4.629622498196468,7.3134994728167815,0.05853869085184535
倭,京口,0.03846069797425756,1,26.00056818181818,30,0.03775813470258238,4.629622498196468,7.3134994728167815,0.05853869085184535
倭,尽平,0.03846069797425756,1,26.00056818181818,30,0.03775813470258238,4.629622498196468,7.3134994728167815,0.05853869085184535
倭,水师,0.03846069797425756,1,26.00056818181818,30,0.03775813470258238,4.629622498196468,7.3134994728167815,0.05853869085184535
倭,灾伤,0.03846069797425756,1,26.00056818181818,30,0.03775813470258238,4.629622498196468,7.3134994728167815,0.05853869085184535
倭,贸易,0.03846069797425756,1,26.00056818181818,30,0.03775813470258238,4.629622498196468,7.3134994728167815,0.05853869085184535
倭,贻,0.03846069797425756,1,26.00056818181818,30,0.03775813470258238,4.629622498196468,7.3134994728167815,0.05853869085184535
倭,二万余,0.03974272124006614,1,25.161840175953078,31,0.03899202132225754,4.565495152076444,7.306513042500675,0.05966471428364379
倭,亡何,0.03974272124006614,1,25.161840175953078,31,0.03899202132225754,4.565495152076444,7.306513042500675,0.05966471428364379
倭,人口,0.03974272124006614,1,25.161840175953078,31,0.03899202132225754,4.565495152076444,7.306513042500675,0.05966471428364379
倭,后患,0.03974272124006614,1,25.161840175953078,31,0.03899202132225754,4.565495152076444,7.306513042500675,0.05966471428364379
倭,大木,0.03974272124006614,1,25.161840175953078,31,0.03899202132225754,4.565495152076444,7.306513042500675,0.05966471428364379
倭,大至,0.03974272124006614,1,25.161840175953078,31,0.03899202132225754,4.565495152076444,7.306513042500675,0.05966471428364379
倭,客兵,0.03974272124006614,1,25.161840175953078,31,0.03899202132225754,4.565495152076444,7.306513042500675,0.05966471428364379
倭,梁山,0.03974272124006614,1,25.161840175953078,31,0.03899202132225754,4.565495152076444,7.306513042500675,0.05966471428364379
倭,滋,0.03974272124006614,1,25.161840175953078,31,0.03899202132225754,4.565495152076444,7.306513042500675,0.05966471428364379
倭,犯,0.8358791693071975,4,4.785380646960402,652,0.010249945496622948,6.2692594432925235,7.306513042500675,0.023374214333568732
倭,百五十,0.03974272124006614,1,25.161840175953078,31,0.03899202132225754,4.565495152076444,7.306513042500675,0.05966471428364379
倭,长乐,0.03974272124006614,1,25.161840175953078,31,0.03899202132225754,4.565495152076444,7.306513042500675,0.05966471428364379
倭,云,0.571782376550629,3,5.2467514268242965,446,0.020121123283405096,5.1362906328446005,7.304191730590554,0.03785363072594927
倭,虽,0.571782376550629,3,5.2467514268242965,446,0.020121123283405096,5.1362906328446005,7.304191730590554,0.03785363072594927
倭,心动,0.041024744505874726,1,24.375532670454547,32,0.04022433399236214,4.503519519606451,7.299560281858908,0.06111640875690276
倭,扬言,0.041024744505874726,1,24.375532670454547,32,0.04022433399236214,4.503519519606451,7.299560281858908,0.06111640875690276
倭,枭,0.041024744505874726,1,24.375532670454547,32,0.04022433399236214,4.503519519606451,7.299560281858908,0.06111640875690276
倭,漂,0.041024744505874726,1,24.375532670454547,32,0.04022433399236214,4.503519519606451,7.299560281858908,0.06111640875690276
倭,转掠,0.041024744505874726,1,24.375532670454547,32,0.04022433399236214,4.503519519606451,7.299560281858908,0.06111640875690276
倭,仇,0.04230676777168331,1,23.636880165289256,33,0.0414550751563304,4.443561052018103,7.2926408679191175,0.0629124556069662
倭,二百人,0.04358879103749189,1,22.941677807486634,34,0.04268424769857193,4.385497439995307,7.285754482333878,0.06432486279050526
倭,大集,0.04358879103749189,1,22.941677807486634,34,0.04268424769857193,4.385497439995307,7.285754482333878,0.06432486279050526
倭,如松,0.04358879103749189,1,22.941677807486634,34,0.04268424769857193,4.385497439995307,7.285754482333878,0.06432486279050526
倭,爪牙,0.04358879103749189,1,22.941677807486634,34,0.04268424769857193,4.385497439995307,7.285754482333878,0.06432486279050526
倭,雄,0.04358879103749189,1,22.941677807486634,34,0.04268424769857193,4.385497439995307,7.285754482333878,0.06432486279050526
倭,骁勇,0.04358879103749189,1,22.941677807486634,34,0.04268424769857193,4.385497439995307,7.285754482333878,0.06432486279050526
倭,二百六十,0.044870814303300484,1,22.286201298701297,35,0.043911853160770065,4.329217172861888,7.278900811292815,0.06579145554678528
倭,大溃,0.044870814303300484,1,22.286201298701297,35,0.043911853160770065,4.329217172861888,7.278900811292815,0.06579145554678528
倭,登,0.31537772338891196,2,6.34160199556541,246,0.040171874718863076,4.047085099579634,7.278900811292815,0.06111640875690276
倭,群盗,0.044870814303300484,1,22.286201298701297,35,0.043911853160770065,4.329217172861888,7.278900811292815,0.06579145554678528
倭,至者,0.044870814303300484,1,22.286201298701297,35,0.043911853160770065,4.329217172861888,7.278900811292815,0.06579145554678528
倭,退保,0.044870814303300484,1,22.286201298701297,35,0.043911853160770065,4.329217172861888,7.278900811292815,0.06579145554678528
倭,严旨,0.04615283756910907,1,21.667140151515152,36,0.04513789263974899,4.274618303328314,7.2720795454368,0.06708424733700626
倭,出海,0.04615283756910907,1,21.667140151515152,36,0.04513789263974899,4.274618303328314,7.2720795454368,0.06708424733700626
倭,剽,0.04615283756910907,1,21.667140151515152,36,0.04513789263974899,4.274618303328314,7.2720795454368,0.06708424733700626
倭,归者,0.04615283756910907,1,21.667140151515152,36,0.04513789263974899,4.274618303328314,7.2720795454368,0.06708424733700626
倭,有名,0.04615283756910907,1,21.667140151515152,36,0.04513789263974899,4.274618303328314,7.2720795454368,0.06708424733700626
倭,遗书,0.04615283756910907,1,21.667140151515152,36,0.04513789263974899,4.274618303328314,7.2720795454368,0.06708424733700626
倭,饱,0.04615283756910907,1,21.667140151515152,36,0.04513789263974899,4.274618303328314,7.2720795454368,0.06708424733700626
倭,甚,0.8640836811549865,4,4.62918127866199,674,0.011459550354301018,6.058400233529111,7.268680968974936,0.025243296194629623
倭,会师,0.048716884100726235,1,20.526764354066987,38,0.04758528447642052,4.170098549593698,7.258533013598853,0.07039790941420107
倭,掎角,0.048716884100726235,1,20.526764354066987,38,0.04758528447642052,4.170098549593698,7.258533013598853,0.07039790941420107
倭,七十里,0.049998907366534825,1,20.000437062937063,39,0.04880664035032134,4.120012714751327,7.2518071504105395,0.07171248406018806
倭,巢,0.049998907366534825,1,20.000437062937063,39,0.04880664035032134,4.120012714751327,7.2518071504105395,0.07171248406018806
倭,弭,0.049998907366534825,1,20.000437062937063,39,0.04880664035032134,4.120012714751327,7.2518071504105395,0.07171248406018806
倭,斫,0.049998907366534825,1,20.000437062937063,39,0.04880664035032134,4.120012714751327,7.2518071504105395,0.07171248406018806
倭,炽,0.049998907366534825,1,20.000437062937063,39,0.04880664035032134,4.120012714751327,7.2518071504105395,0.07171248406018806
倭,自安,0.049998907366534825,1,20.000437062937063,39,0.04880664035032134,4.120012714751327,7.2518071504105395,0.07171248406018806
倭,去,2.314051994784496,9,3.8892816670863763,1805,0.0005898601725732311,11.362042631613473,7.217911836552826,0.005676904391478231
倭,数十,0.34101818870508366,2,5.86478981544771,266,0.046216527287126,3.7840222104274317,7.212097440608568,0.06852978186038293
倭,城,0.6794723308785502,3,4.415190823327616,530,0.0312940895535776,4.310329172304653,7.121438127449976,0.05102554576642602
倭,守,1.029464682444294,4,3.885514547718782,803,0.020392260339225587,4.978773721474859,7.064834950396305,0.03793840664549451
倭,居,0.7922903782697056,3,3.7864905119152694,618,0.04582287778464955,3.6090962368950583,6.951967303578198,0.06802408837606415
倭,杀,1.5627863610206654,5,3.1994136400924753,1219,0.021043450182229084,4.833226889336194,6.875878688170812,0.03909365098508938
倭,中,3.5806909814033783,10,2.7927570549751004,2793,0.003454944036108021,7.959077386488305,6.7861667169007065,0.011280915754261794
倭,诸,2.162773249419083,6,2.774215929298917,1687,0.022308045126956166,4.664150986690715,6.721550541779519,0.040625777956555385
倭,自,2.324308180910965,6,2.581413277841849,1813,0.030228283893816155,4.11457478444049,6.627134939887412,0.04950242039392757
倭,死,3.3986436776585593,8,2.3538801824354447,2651,0.021742359861004368,4.626259794102843,6.534943832168825,0.03965144047994167
倭,遂,4.193498102459882,9,2.146179580889914,3271,0.025989620834715232,4.276391683804896,6.418799418075043,0.04516744588613817
倭,为,11.611284718428356,20,1.7224622843205155,9057,0.012606953502911078,5.416641397847588,6.149344323578213,0.026931033036316623
